index,class,ID,Name,smiles,canonical_smiles
1,1,1001,"(4E,8E)-N-D-2’-hydroxypalmitoyl-1-O-beta-D-glucopyranosyl-9-methyl-4,8-
sphingadienine",CCCCCCCCCCCCCC[C@H](C(=O)N[C@H]([C@@H](/C=C/CC/C=C(/CCCCCCCCC)\C)O)CO[C@@H]1O[C@H](CO)[C@H]([C@@H]([C@H]1O)O)O)O,CCCCCCCCCCCCCCC(O)C(=O)NC(COC1OC(CO)C(O)C(O)C1O)C(O)C=CCCC=C(C)CCCCCCCCC
2,1,1002,"(4E,8E)-N-D-2’-hydroxystearoyl-1-O-beta-D-glucopyranosyl-9-methyl-4,8-
sphingadienine",CCCCCCCCCCCCCCCC[C@H](C(=O)N[C@H]([C@@H](/C=C/CC/C=C(/CCCCCCCCC)\C)O)CO[C@@H]1O[C@H](CO)[C@H]([C@@H]([C@H]1O)O)O)O,CCCCCCCCCCCCCCCCC(O)C(=O)NC(COC1OC(CO)C(O)C(O)C1O)C(O)C=CCCC=C(C)CCCCCCCCC
3,1,1003,Bis-beta-carboxyethylgermanium sesquioxide,OC(=O)CC[Ge](=O)O[Ge](=O)CCC(=O)O,O=C(O)CC[Ge](=O)O[Ge](=O)CCC(=O)O
4,1,9999,DECOY,CCCCCCCCCC,CCCCCCCCCC
5,1,1005,Ganoderol A,OC/C(=C/CC[C@H]([C@H]1CC[C@@]2([C@]1(C)CC=C1C2=CC[C@@H]2[C@]1(C)CCC(=O)C2(C)C)C)C)/C,CC(=CCCC(C)C1CCC2(C)C3=CCC4C(C)(C)C(=O)CCC4(C)C3=CCC12C)CO
6,1,1006,Ganoderol B,OC/C(=C/CC[C@H]([C@H]1CC[C@@]2([C@]1(C)CC=C1C2=CC[C@@H]2[C@]1(C)CC[C@@H](C2(C)C)O)C)C)/C,CC(=CCCC(C)C1CCC2(C)C3=CCC4C(C)(CCC(O)C4(C)C)C3=CCC12C)CO
7,1,1007,Ganoderal A,O=C/C(=C/CC[C@H]([C@H]1CC[C@@]2([C@]1(C)CC=C1C2=CC[C@@H]2[C@]1(C)CCC(=O)C2(C)C)C)C)/C,CC(C=O)=CCCC(C)C1CCC2(C)C3=CCC4C(C)(C)C(=O)CCC4(C)C3=CCC12C
8,1,1008,Lucidimine A,CO[C@H]1CCc2c1cnc1c2COc2c1cc(O)cc2,COC1CCc2c1cnc1c2COc2ccc(O)cc2-1
9,1,1009,Lucidimine B,Oc1ccc2c(c1)c1ncc3c(c1CO2)CCC3,Oc1ccc2c(c1)-c1ncc3c(c1CO2)CCC3
10,1,1010,Lucidimine C,COC1Oc2ccc(cc2c2c1c1CCCc1cn2)O,COC1Oc2ccc(O)cc2-c2ncc3c(c21)CCC3
11,1,1011,Lucidimine D,COC(c1cnc2c3c1CC[C@@H]3Oc1c2cc(O)cc1)OC,COC(OC)c1cnc2c3c1CCC3Oc1ccc(O)cc1-2
12,1,1012,Ganoderic acid Mk,CC(=O)OC(C(C1CC(C2(C1(C)CC=C1C2=CCC2C1(C)CCC(C2(C)C)OC(=O)C)C)O)C)C/C=C(/C(=O)O)\C,CC(=O)OC(CC=C(C)C(=O)O)C(C)C1CC(O)C2(C)C3=CCC4C(C)(CCC(OC(C)=O)C4(C)C)C3=CCC12C
13,1,1013,Ganoderic acid S,CC(=O)O[C@H]1C[C@@H]([C@@]2([C@]1(C)C1=CC[C@@H]3[C@](C1=CC2)(C)CC[C@@H](C3(C)C)OC(=O)C)C)[C@@H](CC/C=C(/C(=O)O)\C)C,CC(=O)OC1CCC2(C)C3=CCC4(C)C(C(C)CCC=C(C)C(=O)O)CC(OC(C)=O)C4(C)C3=CCC2C1(C)C
14,1,1014,Ganoderic acid Mf,CC(=O)O[C@@H]1CC[C@]2([C@H](C1(C)C)CC=C1C2=CC[C@]2([C@@]1(C)[C@@H](O)C[C@@H]2[C@@H](CC/C=C(/C(=O)O)\C)C)C)C,CC(=O)OC1CCC2(C)C3=CCC4(C)C(C(C)CCC=C(C)C(=O)O)CC(O)C4(C)C3=CCC2C1(C)C
15,1,1015,Ganoderic acid R,CC(=O)O[C@H]([C@H]([C@H]1CC[C@@]2([C@]1(C)CC=C1C2=CC[C@@H]2[C@]1(C)CC[C@H](C2(C)C)OC(=O)C)C)C)C/C=C(/C(=O)O)\C,CC(=O)OC(CC=C(C)C(=O)O)C(C)C1CCC2(C)C3=CCC4C(C)(CCC(OC(C)=O)C4(C)C)C3=CCC12C
16,1,1016,Ganoderic acid Mc,CC(=O)OC1CC2C(C)(C)C(CCC2(C2=C1C1(C)C(O)CC(C1(CC2)C)C(C(OC(=O)C)C/C=C(/C(=O)O)\C)C)C)OC(=O)C,CC(=O)OC1CC2C(C)(CCC(OC(C)=O)C2(C)C)C2=C1C1(C)C(O)CC(C(C)C(CC=C(C)C(=O)O)OC(C)=O)C1(C)CC2
17,1,1017,Ganoderic acid Me,CC(=O)O[C@H]1C[C@@H]([C@@]2([C@]1(C)C1=CC[C@@H]3[C@](C1=CC2)(C)CC[C@H](C3(C)C)OC(=O)C)C)[C@@H](CC/C=C(/C(=O)O)\C)C,CC(=O)OC1CCC2(C)C3=CCC4(C)C(C(C)CCC=C(C)C(=O)O)CC(OC(C)=O)C4(C)C3=CCC2C1(C)C
18,1,1018,Ganoderic acid D,O=C(CC(C(=O)O)C)C[C@H]([C@H]1CC(=O)[C@@]2([C@]1(C)CC(=O)C1=C2[C@@H](O)C[C@@H]2[C@]1(C)CCC(=O)C2(C)C)C)C,CC(CC(=O)CC(C)C1CC(=O)C2(C)C3=C(C(=O)CC12C)C1(C)CCC(=O)C(C)(C)C1CC3O)C(=O)O
19,1,1019,Ganoderic acid E,O=C(C[C@H](C(=O)O)C)C[C@H]([C@H]1CC(=O)[C@@]2([C@]1(C)CC(=O)C1=C2C(=O)C[C@@H]2[C@]1(C)CCC(=O)C2(C)C)C)C,CC(CC(=O)CC(C)C1CC(=O)C2(C)C3=C(C(=O)CC12C)C1(C)CCC(=O)C(C)(C)C1CC3=O)C(=O)O
20,1,1020,Ganoderic acid DM,C[C@@H]([C@H]1CC[C@@]2([C@]1(C)CCC1=C2C(=O)C[C@@H]2[C@]1(C)CCC(=O)C2(C)C)C)CC/C=C(/C(=O)O)\C,CC(=CCCC(C)C1CCC2(C)C3=C(CCC12C)C1(C)CCC(=O)C(C)(C)C1CC3=O)C(=O)O
21,1,1021,Lucidenic acid A,OC(=O)CC[C@H]([C@H]1CC(=O)[C@@]2([C@]1(C)CC(=O)C1=C2[C@@H](O)C[C@@H]2[C@]1(C)CCC(=O)C2(C)C)C)C,CC(CCC(=O)O)C1CC(=O)C2(C)C3=C(C(=O)CC12C)C1(C)CCC(=O)C(C)(C)C1CC3O
22,1,1022,Lucidenic acid B,OC(=O)CC[C@H]([C@H]1CC(=O)[C@@]2([C@]1(C)[C@H](O)C(=O)C1=C2[C@@H](O)C[C@@H]2[C@]1(C)CCC(=O)C2(C)C)C)C,CC(CCC(=O)O)C1CC(=O)C2(C)C3=C(C(=O)C(O)C12C)C1(C)CCC(=O)C(C)(C)C1CC3O
23,1,1023,Lucidenic acid C,OC(=O)CC[C@H]([C@H]1CC(=O)[C@@]2([C@]1(C)[C@H](O)C(=O)C1=C2[C@@H](O)C[C@@H]2[C@]1(C)CC[C@@H](C2(C)C)O)C)C,CC(CCC(=O)O)C1CC(=O)C2(C)C3=C(C(=O)C(O)C12C)C1(C)CCC(O)C(C)(C)C1CC3O
24,1,1024,Lucidenic acid N,OC(=O)CC[C@H]([C@H]1CC(=O)[C@@]2([C@]1(C)CC(=O)C1=C2[C@@H](O)C[C@@H]2[C@]1(C)CC[C@@H](C2(C)C)O)C)C,CC(CCC(=O)O)C1CC(=O)C2(C)C3=C(C(=O)CC12C)C1(C)CCC(O)C(C)(C)C1CC3O
25,1,1025,Ganoderic acid A,O=C(C[C@H](C(=O)O)C)C[C@H]([C@H]1C[C@@H]([C@@]2([C@]1(C)CC(=O)C1=C2[C@@H](O)C[C@@H]2[C@]1(C)CCC(=O)C2(C)C)C)O)C,CC(CC(=O)CC(C)C1CC(O)C2(C)C3=C(C(=O)CC12C)C1(C)CCC(=O)C(C)(C)C1CC3O)C(=O)O
26,1,1026,Ganoderic acid F,O=C(CC(C(=O)O)C)C[C@H]([C@H]1CC(=O)[C@@]2([C@]1(C)[C@H](OC(=O)C)C(=O)C1=C2C(=O)C[C@@H]2[C@]1(C)CCC(=O)C2(C)C)C)C,CC(=O)OC1C(=O)C2=C(C(=O)CC3C(C)(C)C(=O)CCC23C)C2(C)C(=O)CC(C(C)CC(=O)CC(C)C(=O)O)C12C
27,1,1027,Ganoderic acid H,O=C(CC(C(=O)O)C)CC(C1CC(=O)C2(C1(C)C(OC(=O)C)C(=O)C1=C2C(=O)CC2C1(C)CCC(C2(C)C)O)C)C,CC(=O)OC1C(=O)C2=C(C(=O)CC3C2(C)CCC(O)C3(C)C)C2(C)C(=O)CC(C(C)CC(=O)CC(C)C(=O)O)C12C
28,1,1028,ganoderic acid X,CC(=O)O[C@H]1C[C@@H]([C@@]2([C@]1(C)C1=CC[C@@H]3[C@](C1=CC2)(C)CC[C@H](C3(C)C)O)C)[C@@H](CC/C=C(/C(=O)O)\C)C,CC(=O)OC1CC(C(C)CCC=C(C)C(=O)O)C2(C)CC=C3C(=CCC4C3(C)CCC(O)C4(C)C)C12C
29,1,1029,ganoderic acid T,CC(=O)O[C@H]1C[C@@H]([C@@]2([C@]1(C)C1=CC[C@@H]3[C@](C1=CC2)(C)CC[C@H](C3(C)C)OC(=O)C)C)[C@@H]([C@@H](OC(=O)C)C/C=C(/C(=O)O)\C)C,CC(=O)OC(CC=C(C)C(=O)O)C(C)C1CC(OC(C)=O)C2(C)C3=CCC4C(C)(CCC(OC(C)=O)C4(C)C)C3=CCC12C
30,1,1030,Ganoderiol F,OCC(=CCC[C@H]([C@H]1CC[C@@]2([C@]1(C)CC=C1C2=CC[C@@H]2[C@]1(C)CCC(=O)C2(C)C)C)C)CO,CC(CCC=C(CO)CO)C1CCC2(C)C3=CCC4C(C)(C)C(=O)CCC4(C)C3=CCC12C
31,1,1031,Ganodermanontriol,OC[C@]([C@H](CC[C@H]([C@H]1CC[C@@]2([C@]1(C)CC=C1C2=CC[C@@H]2[C@]1(C)CCC(=O)C2(C)C)C)C)O)(O)C,CC(CCC(O)C(C)(O)CO)C1CCC2(C)C3=CCC4C(C)(C)C(=O)CCC4(C)C3=CCC12C
32,1,1032,n-Butyl ganoderate H,CCCCOC(=O)[C@@H](CC(=O)C[C@H]([C@H]1CC(=O)[C@@]2([C@]1(C)[C@H](OC(=O)C)C(=O)C1=C2C(=O)C[C@@H]2[C@]1(C)CC[C@@H](C2(C)C)O)C)C)C,CCCCOC(=O)C(C)CC(=O)CC(C)C1CC(=O)C2(C)C3=C(C(=O)C(OC(C)=O)C12C)C1(C)CCC(O)C(C)(C)C1CC3=O
33,1,1033,Ganoderic acid alpha,O=C(C[C@H](C(=O)O)C)C[C@H]([C@H]1C[C@H]([C@@]2([C@]1(C)[C@H](OC(=O)C)C(=O)C1=C2C(=O)C[C@@H]2[C@]1(C)CC[C@@H](C2(C)C)O)C)O)C,CC(=O)OC1C(=O)C2=C(C(=O)CC3C2(C)CCC(O)C3(C)C)C2(C)C(O)CC(C(C)CC(=O)CC(C)C(=O)O)C12C
34,1,1034,Ganolucidic acid A,O=C(C[C@H](C(=O)O)C)C[C@H]([C@H]1C[C@@H]([C@@]2([C@]1(C)CC(=O)C1=C2CC[C@@H]2[C@]1(C)CCC(=O)C2(C)C)C)O)C,CC(CC(=O)CC(C)C1CC(O)C2(C)C3=C(C(=O)CC12C)C1(C)CCC(=O)C(C)(C)C1CC3)C(=O)O
35,1,1035,Methyl ganolucidate A,COC(=O)C(CC(=O)C[C@H]([C@H]1C[C@@H]([C@@]2([C@]1(C)CC(=O)C1=C2CC[C@@H]2[C@]1(C)CCC(=O)C2(C)C)C)O)C)C,COC(=O)C(C)CC(=O)CC(C)C1CC(O)C2(C)C3=C(C(=O)CC12C)C1(C)CCC(=O)C(C)(C)C1CC3
36,1,1036,Ganolucidic acid B,O=C(CC(C(=O)O)C)CC(C1CC(C2(C1(C)CC(=O)C1=C2CCC2C1(C)CCC(C2(C)C)O)C)O)C,CC(CC(=O)CC(C)C1CC(O)C2(C)C3=C(C(=O)CC12C)C1(C)CCC(O)C(C)(C)C1CC3)C(=O)O
37,1,1037,Methyl ganolucidate B,COC(=O)C(CC(=O)C[C@H]([C@H]1C[C@@H]([C@@]2([C@]1(C)CC(=O)C1=C2CC[C@@H]2[C@]1(C)CC[C@@H](C2(C)C)O)C)O)C)C,COC(=O)C(C)CC(=O)CC(C)C1CC(O)C2(C)C3=C(C(=O)CC12C)C1(C)CCC(O)C(C)(C)C1CC3
38,1,1038,Methyl ganoderate A,COC(=O)[C@@H](CC(=O)C[C@H]([C@H]1C[C@@H]([C@@]2([C@]1(C)CC(=O)C1=C2[C@@H](O)C[C@@H]2[C@]1(C)CCC(=O)C2(C)C)C)O)C)C,COC(=O)C(C)CC(=O)CC(C)C1CC(O)C2(C)C3=C(C(=O)CC12C)C1(C)CCC(=O)C(C)(C)C1CC3O
39,1,1039,Methyl ganoderate B,COC(=O)[C@@H](CC(=O)C[C@H]([C@H]1CC(=O)[C@@]2([C@]1(C)CC(=O)C1=C2[C@@H](O)C[C@@H]2[C@]1(C)CC[C@@H](C2(C)C)O)C)C)C,COC(=O)C(C)CC(=O)CC(C)C1CC(=O)C2(C)C3=C(C(=O)CC12C)C1(C)CCC(O)C(C)(C)C1CC3O
40,1,1040,Methyl ganoderate C,COC(=O)[C@@H](CC(=O)C[C@H]([C@H]1CC(=O)[C@@]2([C@]1(C)CC(=O)C1=C2[C@@H](O)C[C@@H]2[C@]1(C)CCC(=O)C2(C)C)C)C)C,COC(=O)C(C)CC(=O)CC(C)C1CC(=O)C2(C)C3=C(C(=O)CC12C)C1(C)CCC(=O)C(C)(C)C1CC3O
41,1,1041,Ganoderic acid C,O=C(C[C@H](C(=O)O)C)C[C@H]([C@H]1CC(=O)[C@@]2([C@]1(C)CC(=O)C1=C2[C@@H](O)C[C@@H]2[C@]1(C)CCC(=O)C2(C)C)C)C,CC(CC(=O)CC(C)C1CC(=O)C2(C)C3=C(C(=O)CC12C)C1(C)CCC(=O)C(C)(C)C1CC3O)C(=O)O
42,1,1042,Methyl ganoderate K,COC(=O)C(CC(=O)CC(C1CC(C2(C1(C)CC(=O)C1=C2C(=O)CC2C1(C)CCC(=O)C2(C)C)C)O)C)C,COC(=O)C(C)CC(=O)CC(C)C1CC(O)C2(C)C3=C(C(=O)CC12C)C1(C)CCC(=O)C(C)(C)C1CC3=O
43,1,1043,Ganoderic acid Df,O=C(CC(C(=O)O)C)C[C@H]([C@H]1CC(=O)[C@@]2([C@]1(C)C[C@H](O)C1=C2[C@@H](O)C[C@@H]2[C@]1(C)CCC(=O)C2(C)C)C)C,CC(CC(=O)CC(C)C1CC(=O)C2(C)C3=C(C(O)CC12C)C1(C)CCC(=O)C(C)(C)C1CC3O)C(=O)O
44,1,1044,Ganoderic acid K,O=C(CC(C(=O)O)C)CC(C1CC(=O)C2(C1(C)C(OC(=O)C)C(=O)C1=C2C(O)CC2C1(C)CCC(C2(C)C)O)C)C,CC(=O)OC1C(=O)C2=C(C(O)CC3C2(C)CCC(O)C3(C)C)C2(C)C(=O)CC(C(C)CC(=O)CC(C)C(=O)O)C12C
45,1,1045,Ganoderic acid AM1,O=C(CC(C(=O)O)C)CC(C1CC(=O)C2(C1(C)CC(=O)C1=C2C(=O)CC2C1(C)CCC(C2(C)C)O)C)C,CC(CC(=O)CC(C)C1CC(=O)C2(C)C3=C(C(=O)CC12C)C1(C)CCC(O)C(C)(C)C1CC3=O)C(=O)O
46,1,1046,Ganoderic acid J,O=C(CC(C(=O)O)C)CC(C1CC(C2(C1(C)CC(=O)C1=C2C(=O)CC2C1(C)CCC(=O)C2(C)C)C)O)C,CC(CC(=O)CC(C)C1CC(O)C2(C)C3=C(C(=O)CC12C)C1(C)CCC(=O)C(C)(C)C1CC3=O)C(=O)O
47,1,1047,Ganoderic acid C2,O=C(C[C@H](C(=O)O)C)C[C@H]([C@H]1C[C@@H]([C@@]2([C@]1(C)CC(=O)C1=C2[C@@H](O)CC2[C@]1(C)CC[C@@H](C2(C)C)O)C)O)C,CC(CC(=O)CC(C)C1CC(O)C2(C)C3=C(C(=O)CC12C)C1(C)CCC(O)C(C)(C)C1CC3O)C(=O)O
48,1,1048,Ganoderic acid G,O=C(CC(C(=O)O)C)CC(C1CC(=O)C2(C1(C)C(O)C(=O)C1=C2C(O)CC2C1(C)CCC(C2(C)C)O)C)C,CC(CC(=O)CC(C)C1CC(=O)C2(C)C3=C(C(=O)C(O)C12C)C1(C)CCC(O)C(C)(C)C1CC3O)C(=O)O
49,1,1049,7-Oxoganoderic acid Z,C[C@@H]([C@H]1CC[C@@]2([C@]1(C)CCC1=C2C(=O)C[C@@H]2[C@]1(C)CC[C@@H](C2(C)C)O)C)CC/C=C(/C(=O)O)\C,CC(=CCCC(C)C1CCC2(C)C3=C(CCC12C)C1(C)CCC(O)C(C)(C)C1CC3=O)C(=O)O
50,1,1050,Ganoderic acid LM2,O[C@H](/C=C(/C(=O)O)\C)C[C@H]([C@H]1CC(=O)[C@@]2([C@]1(C)CC(=O)C1=C2[C@@H](O)C[C@@H]2[C@]1(C)CCC(=O)C2(C)C)C)C,CC(=CC(O)CC(C)C1CC(=O)C2(C)C3=C(C(=O)CC12C)C1(C)CCC(=O)C(C)(C)C1CC3O)C(=O)O
51,1,1051,Lucialdehyde B,O=C/C(=C/CC[C@H]([C@H]1CC[C@@]2([C@]1(C)CCC1=C2C(=O)C[C@@H]2[C@]1(C)CCC(=O)C2(C)C)C)C)/C,CC(C=O)=CCCC(C)C1CCC2(C)C3=C(CCC12C)C1(C)CCC(=O)C(C)(C)C1CC3=O
52,1,1052,Lucialdehyde C,O=C/C(=C/CC[C@H]([C@H]1CC[C@@]2([C@]1(C)CCC1=C2C(=O)C[C@@H]2[C@]1(C)CC[C@@H](C2(C)C)O)C)C)/C,CC(C=O)=CCCC(C)C1CCC2(C)C3=C(CCC12C)C1(C)CCC(O)C(C)(C)C1CC3=O
53,1,1053,Ganoderic acidGamma,O[C@H](/C=C(/C(=O)O)\C)C[C@H]([C@H]1C[C@@H]([C@@]2([C@]1(C)CC(=O)C1=C2[C@@H](O)C[C@@H]2[C@]1(C)CCC(=O)C2(C)C)C)O)C,CC(=CC(O)CC(C)C1CC(O)C2(C)C3=C(C(=O)CC12C)C1(C)CCC(=O)C(C)(C)C1CC3O)C(=O)O
54,1,1054,Ganoderic acid Delta,O[C@H](/C=C(/C(=O)O)\C)C[C@H]([C@H]1C[C@@H]([C@@]2([C@]1(C)CC(=O)C1=C2[C@H](O)C[C@@H]2[C@]1(C)CCC(=O)C2(C)C)C)O)C,CC(=CC(O)CC(C)C1CC(O)C2(C)C3=C(C(=O)CC12C)C1(C)CCC(=O)C(C)(C)C1CC3O)C(=O)O
55,1,1055,Ganoderic acid Epsilon,O[C@H](/C=C(/C(=O)O)\C)C[C@H]([C@H]1CC(=O)[C@@]2([C@]1(C)CC(=O)C1=C2[C@@H](O)C[C@@H]2[C@]1(C)CC[C@@H](C2(C)C)O)C)C,CC(=CC(O)CC(C)C1CC(=O)C2(C)C3=C(C(=O)CC12C)C1(C)CCC(O)C(C)(C)C1CC3O)C(=O)O
56,1,1056,Ganoderic acidZeta,O[C@H](/C=C(/C(=O)O)\C)C[C@H]([C@H]1CC(=O)[C@@]2([C@]1(C)CC(=O)C1=C2C(=O)C[C@@H]2[C@]1(C)CC[C@@H](C2(C)C)O)C)C,CC(=CC(O)CC(C)C1CC(=O)C2(C)C3=C(C(=O)CC12C)C1(C)CCC(O)C(C)(C)C1CC3=O)C(=O)O
57,1,1057,Ganoderic acid Eta,O[C@H](/C=C(/C(=O)O)\C)C[C@H]([C@H]1CC(=O)[C@@]2([C@]1(C)[C@H](O)C(=O)C1=C2[C@@H](O)C[C@@H]2[C@]1(C)CC[C@@H](C2(C)C)O)C)C,CC(=CC(O)CC(C)C1CC(=O)C2(C)C3=C(C(=O)C(O)C12C)C1(C)CCC(O)C(C)(C)C1CC3O)C(=O)O
58,1,1058,Ganoderic acid Theta,O[C@H](/C=C(/C(=O)O)\C)C[C@H]([C@H]1CC(=O)[C@@]2([C@]1(C)[C@H](O)C(=O)C1=C2C(=O)C[C@@H]2[C@]1(C)CC[C@@H](C2(C)C)O)C)C,CC(=CC(O)CC(C)C1CC(=O)C2(C)C3=C(C(=O)C(O)C12C)C1(C)CCC(O)C(C)(C)C1CC3=O)C(=O)O
59,1,1059,Ganoderic acid Beta,C[C@@H]([C@H]1CC(=O)[C@@]2([C@]1(C)CC(=O)C1=C2[C@@H](O)C[C@@H]2[C@]1(C)CC[C@@H](C2(C)C)O)C)CC/C=C(/C(=O)O)\C,CC(=CCCC(C)C1CC(=O)C2(C)C3=C(C(=O)CC12C)C1(C)CCC(O)C(C)(C)C1CC3O)C(=O)O
60,1,1060,Ganolucidic acid E,C[C@@H]([C@H]1C[C@@H]([C@@]2([C@]1(C)CC(=O)C1=C2CC[C@@H]2[C@]1(C)CCC(=O)C2(C)C)C)O)CC/C=C(/C(=O)O)\C,CC(=CCCC(C)C1CC(O)C2(C)C3=C(C(=O)CC12C)C1(C)CCC(=O)C(C)(C)C1CC3)C(=O)O
61,1,1061,Ganoderal B,O=C/C(=C/CC[C@H]([C@H]1CC[C@@]2([C@]1(C)CCC1=C2[C@H](O)C[C@@H]2[C@]1(C)CCC(=O)C2(C)C)C)C)/C,CC(C=O)=CCCC(C)C1CCC2(C)C3=C(CCC12C)C1(C)CCC(=O)C(C)(C)C1CC3O
62,1,1062,Ganoderic acid Ma,CC(=O)O[C@@H]1C[C@H]2C(C)(C)[C@@H](CC[C@@]2(C2=C1[C@]1(C)[C@@H](O)C[C@@H]([C@]1(CC2)C)[C@@H](CC/C=C(/C(=O)O)\C)C)C)OC(=O)C,CC(=O)OC1CC2C(C)(CCC(OC(C)=O)C2(C)C)C2=C1C1(C)C(O)CC(C(C)CCC=C(C)C(=O)O)C1(C)CC2
63,1,1063,ganoderic acid Mi,CO[C@@H]1C[C@H]2C(C)(C)[C@@H](CC[C@@]2(C2=C1[C@]1(C)[C@@H](O)C[C@@H]([C@]1(CC2)C)[C@@H](CC/C=C(/C(=O)O)\C)C)C)OC(=O)C,COC1CC2C(C)(CCC(OC(C)=O)C2(C)C)C2=C1C1(C)C(O)CC(C(C)CCC=C(C)C(=O)O)C1(C)CC2
64,1,1064,Lucidadiol,OC/C(=C/CC[C@H]([C@H]1CC[C@@]2([C@]1(C)CCC1=C2C(=O)C[C@@H]2[C@]1(C)CC[C@@H](C2(C)C)O)C)C)/C,CC(=CCCC(C)C1CCC2(C)C3=C(CCC12C)C1(C)CCC(O)C(C)(C)C1CC3=O)CO
65,1,1065,Lucialdehyde E,O=C/C(=C/CC[C@H]([C@H]1C[C@@H]([C@@]2([C@]1(C)CC(=O)C1=C2[C@@H](O)C[C@@H]2[C@]1(C)CCC(=O)C2(C)C)C)O)C)/C,CC(C=O)=CCCC(C)C1CC(O)C2(C)C3=C(C(=O)CC12C)C1(C)CCC(=O)C(C)(C)C1CC3O
66,1,1066,Ganolucidic acid D,O[C@H](/C=C(/C(=O)O)\C)C[C@H]([C@H]1C[C@@H]([C@@]2([C@]1(C)CC(=O)C1=C2CC[C@@H]2[C@]1(C)CCC(=O)C2(C)C)C)O)C,CC(=CC(O)CC(C)C1CC(O)C2(C)C3=C(C(=O)CC12C)C1(C)CCC(=O)C(C)(C)C1CC3)C(=O)O
67,1,1067,Ganoderic acid W,CC(=O)O[C@H]1C[C@@H]([C@@]2([C@]1(C)C1=C(CC2)[C@@]2([C@@H](C[C@H]1O)C(C)(C)[C@@H](CC2)OC(=O)C)C)C)[C@@H](CC/C=C(/C(=O)O)\C)C,CC(=O)OC1CCC2(C)C3=C(C(O)CC2C1(C)C)C1(C)C(OC(C)=O)CC(C(C)CCC=C(C)C(=O)O)C1(C)CC3
68,1,1068,"24-Methylcholesta-7,22-dien-3beta-ol",O[C@H]1CC[C@]2(C(C1)CC=C1[C@@H]2CC[C@]2([C@H]1CC[C@@H]2[C@@H](/C=C/C(C(C)C)C)C)C)C,CC(C)C(C)C=CC(C)C1CCC2C3=CCC4CC(O)CCC4(C)C3CCC21C
69,1,1069,24-Methylcholest-7-en-3beta-ol,CCC(C(C)C)CC[C@H]([C@H]1CC[C@@H]2[C@]1(C)CC[C@H]1C2=CCC2[C@]1(C)CC[C@@H](C2)O)C,CCC(CCC(C)C1CCC2C3=CCC4CC(O)CCC4(C)C3CCC21C)C(C)C
70,1,1070,Ergosterol,O[C@H]1CC[C@]2(C(=CC=C3[C@@H]2CC[C@]2([C@H]3CC[C@@H]2[C@@H](/C=C/[C@@H](C(C)C)C)C)C)C1)C,CC(C)C(C)C=CC(C)C1CCC2C3=CC=C4CC(O)CCC4(C)C3CCC21C
71,1,1071,Ergosterol peroxide,O[C@H]1CC[C@]2([C@@]3(C1)OO[C@@]1([C@@H]2CC[C@]2([C@H]1CC[C@@H]2[C@@H](/C=C/[C@@H](C(C)C)C)C)C)C=C3)C,CC(C)C(C)C=CC(C)C1CCC2C1(C)CCC1C23C=CC2(CC(O)CCC12C)OO3
72,1,1072,Ganoderic acid V1,OC(=O)/C(=C/CCC(C1CC(=O)C2(C1(C)CC(=O)C1=C2C(=O)CC2C1(C)CCC(C2(C)C)O)C)(O)C)/C,CC(=CCCC(C)(O)C1CC(=O)C2(C)C3=C(C(=O)CC12C)C1(C)CCC(O)C(C)(C)C1CC3=O)C(=O)O
73,1,1073,ganoderic acid P,CC(=O)O[C@H]1C[C@@H]([C@@]2([C@]1(C)C1=CC[C@@H]3[C@](C1=CC2)(C)CC[C@H](C3(C)C)O)C)[C@@H]([C@@H](OC(=O)C)C/C=C(/C(=O)O)\C)C,CC(=O)OC(CC=C(C)C(=O)O)C(C)C1CC(OC(C)=O)C2(C)C3=CCC4C(C)(CCC(O)C4(C)C)C3=CCC12C
74,1,1074,ganoderic acid Q,CC(=O)O[C@H]([C@H]([C@H]1C[C@@H]([C@@]2([C@]1(C)CC=C1C2=CC[C@@H]2[C@]1(C)CC[C@H](C2(C)C)OC(=O)C)C)O)C)C/C=C(/C(=O)O)\C,CC(=O)OC(CC=C(C)C(=O)O)C(C)C1CC(O)C2(C)C3=CCC4C(C)(CCC(OC(C)=O)C4(C)C)C3=CCC12C
75,1,1075,ganoderic acid O,O=C(CC(C1CC(=O)C2(C1(C)CC(=O)C1=C2C(=O)CC2C1(C)CCC(=O)C2(C)C)C)(O)C)CC(C(=O)O)C,CC(CC(=O)CC(C)(O)C1CC(=O)C2(C)C3=C(C(=O)CC12C)C1(C)CCC(=O)C(C)(C)C1CC3=O)C(=O)O
76,1,1076,7-O-methylganoderic acid O,CO[C@@H]1C[C@H]2C(C)(C)[C@@H](CC[C@@]2(C2=C1[C@]1(C)[C@@H](OC(=O)C)C[C@@H]([C@]1(CC2)C)[C@@H]([C@@H](OC(=O)C)C/C=C(/C(=O)O)\C)C)C)OC(=O)C,COC1CC2C(C)(CCC(OC(C)=O)C2(C)C)C2=C1C1(C)C(OC(C)=O)CC(C(C)C(CC=C(C)C(=O)O)OC(C)=O)C1(C)CC2
77,1,1077,Ganoderenic acid D,O=C(CC(C(=O)O)C)/C=C(\C1CC(=O)C2(C1(C)CC(=O)C1=C2C(O)CC2C1(C)CCC(=O)C2(C)C)C)/C,CC(=CC(=O)CC(C)C(=O)O)C1CC(=O)C2(C)C3=C(C(=O)CC12C)C1(C)CCC(=O)C(C)(C)C1CC3O
78,1,1078,Ganoderiol A,OCC([C@H](CC[C@H]([C@H]1CC[C@@]2([C@]1(C)CC=C1C2=CC[C@@H]2[C@]1(C)CC[C@@H](C2(C)C)O)C)C)O)(O)C,CC(CCC(O)C(C)(O)CO)C1CCC2(C)C3=CCC4C(C)(CCC(O)C4(C)C)C3=CCC12C
79,1,1079,Ganoderiol B,OCC(=CCC[C@H]([C@H]1C[C@@H]([C@@]2([C@]1(C)CC=C1C2=CC[C@@H]2[C@]1(C)CCC(=O)C2(C)C)C)O)C)CO,CC(CCC=C(CO)CO)C1CC(O)C2(C)C3=CCC4C(C)(C)C(=O)CCC4(C)C3=CCC12C
80,1,1080,Cerevisterol,O[C@H]1CC[C@]2([C@@](C1)(O)[C@H](O)C=C1[C@@H]2CC[C@]2([C@H]1CC[C@@H]2[C@@H](/C=C/[C@@H](C(C)C)C)C)C)C,CC(C)C(C)C=CC(C)C1CCC2C3=CC(O)C4(O)CC(O)CCC4(C)C3CCC21C
81,1,1081,Ganoderic acid AP,O=C(CC(C1CC(C2(C1(C)C(O)C(=O)C1=C2C(=O)CC2C1(C)CCC(=O)C2(C)C)C)O)(O)C)CC(C(=O)O)C,CC(CC(=O)CC(C)(O)C1CC(O)C2(C)C3=C(C(=O)C(O)C12C)C1(C)CCC(=O)C(C)(C)C1CC3=O)C(=O)O
82,1,1082,Ganoderic acid AP2,CC(=O)O[C@H]1C[C@@H]([C@@]2([C@]1(C)C1=C(C(=O)[C@H]2OC(=O)C)[C@@]2([C@@H](CC1)C(C)(C)[C@H](CC2)O)C)C)[C@@H](CC/C=C(/C(=O)O)\C)C,CC(=O)OC1CC(C(C)CCC=C(C)C(=O)O)C2(C)C(OC(C)=O)C(=O)C3=C(CCC4C3(C)CCC(O)C4(C)C)C12C
83,1,1083,Ganoderic acid AP3,O=C(CC([C@H]1C[C@@H]([C@@]2([C@]1(C)CC(=O)C1=C2C(=O)C[C@@H]2[C@]1(C)CCC(=O)C2(C)C)C)O)(O)C)CC(C(=O)O)C,CC(CC(=O)CC(C)(O)C1CC(O)C2(C)C3=C(C(=O)CC12C)C1(C)CCC(=O)C(C)(C)C1CC3=O)C(=O)O
84,1,1084,Ganoderic acid B,O=C(C[C@H](C(=O)O)C)C[C@H]([C@H]1CC(=O)[C@@]2([C@]1(C)CC(=O)C1=C2[C@@H](O)C[C@@H]2[C@]1(C)CC[C@@H](C2(C)C)O)C)C,CC(CC(=O)CC(C)C1CC(=O)C2(C)C3=C(C(=O)CC12C)C1(C)CCC(O)C(C)(C)C1CC3O)C(=O)O
85,1,1085,Ganoderic acid B8,O=C(C[C@H](C(=O)O)C)C[C@H]([C@H]1C[C@@H]([C@@]2([C@]1(C)CC(=O)C1=C2[C@@H](O)C[C@@H]2[C@]1(C)CC[C@@H](C2(C)C)O)C)O)C,CC(CC(=O)CC(C)C1CC(O)C2(C)C3=C(C(=O)CC12C)C1(C)CCC(O)C(C)(C)C1CC3O)C(=O)O
86,1,1086,Ganoderic acid B9,O=C(CC(C(=O)O)C)C[C@H]([C@H]1C[C@@H]([C@@]2([C@]1(C)CC(=O)C1=C2[C@H](O)C[C@@H]2[C@]1(C)CCC(=O)C2(C)C)C)O)C,CC(CC(=O)CC(C)C1CC(O)C2(C)C3=C(C(=O)CC12C)C1(C)CCC(=O)C(C)(C)C1CC3O)C(=O)O
87,1,1087,Ganoderic acid C5,O=C(CC(C(=O)O)C)C[C@H]([C@H]1CC(=O)[C@@]2([C@]1(C)CC(=O)C1=C2[C@H](O)C[C@@H]2[C@]1(C)CCC(=O)C2(C)C)C)C,CC(CC(=O)CC(C)C1CC(=O)C2(C)C3=C(C(=O)CC12C)C1(C)CCC(=O)C(C)(C)C1CC3O)C(=O)O
88,1,1088,Ganoderic acid C6,O=C(CC(C(=O)O)C)C[C@H]([C@H]1CC(=O)[C@@]2([C@]1(C)[C@H](O)C(=O)C1=C2C(=O)C[C@@H]2[C@]1(C)CC[C@@H](C2(C)C)O)C)C,CC(CC(=O)CC(C)C1CC(=O)C2(C)C3=C(C(=O)C(O)C12C)C1(C)CCC(O)C(C)(C)C1CC3=O)C(=O)O
89,1,1089,Ganoderic acid D2,O=C(CC(C(=O)O)C)CC(C1CC(=O)C2(C1(C)C(O)C(=O)C1=C2C(O)CC2C1(C)CCC(=O)C2(C)C)C)C,CC(CC(=O)CC(C)C1CC(=O)C2(C)C3=C(C(=O)C(O)C12C)C1(C)CCC(=O)C(C)(C)C1CC3O)C(=O)O
90,1,1090,Ganoderic acid GS-1,C[C@@H]([C@H]1CC(=O)[C@@]2([C@]1(C)CC(=O)C1=C2[C@@H](O)C[C@@H]2[C@]1(C)CCC(=O)C2(C)C)C)CC/C=C(/C(=O)O)\C,CC(=CCCC(C)C1CC(=O)C2(C)C3=C(C(=O)CC12C)C1(C)CCC(=O)C(C)(C)C1CC3O)C(=O)O
91,1,1091,Ganoderic acid GS-2,C[C@@H]([C@H]1C[C@@H]([C@@]2([C@]1(C)CC(=O)C1=C2[C@@H](O)C[C@@H]2[C@]1(C)CCC(=O)C2(C)C)C)O)CC/C=C(/C(=O)O)\C,CC(=CCCC(C)C1CC(O)C2(C)C3=C(C(=O)CC12C)C1(C)CCC(=O)C(C)(C)C1CC3O)C(=O)O
92,1,1092,Ganoderic acid GS-3,CC(=O)O[C@@H]1C(=O)C2=C([C@]3([C@@]1(C)[C@H](CC3=O)[C@@H](CC/C=C(/C(=O)O)\C)C)C)[C@@H](O)C[C@@H]1[C@]2(C)CC[C@@H](C1(C)C)O,CC(=O)OC1C(=O)C2=C(C(O)CC3C2(C)CCC(O)C3(C)C)C2(C)C(=O)CC(C(C)CCC=C(C)C(=O)O)C12C
93,1,1093,Ganoderic acid I,O=C(CC(C1CC(=O)C2(C1(C)CC(=O)C1=C2C(O)CC2C1(C)CCC(C2(C)C)O)C)(O)C)CC(C(=O)O)C,CC(CC(=O)CC(C)(O)C1CC(=O)C2(C)C3=C(C(=O)CC12C)C1(C)CCC(O)C(C)(C)C1CC3O)C(=O)O
94,1,1094,Ganoderic acid Ja,C[C@@H]([C@H]1C[C@@H]([C@@]2([C@]1(C)CC=C1C2=CC[C@@H]2[C@]1(C)CC[C@H](C2(C)C)O)C)O)CC/C=C(/C(=O)O)\C,CC(=CCCC(C)C1CC(O)C2(C)C3=CCC4C(C)(CCC(O)C4(C)C)C3=CCC12C)C(=O)O
95,1,1095,Ganoderic acid Jb,C[C@@H]([C@H]1C[C@@H]([C@@]2([C@]1(C)CC=C1C2=CC[C@@H]2[C@]1(C)CC[C@@H](C2(C)C)O)C)O)CC/C=C(/C(=O)O)\C,CC(=CCCC(C)C1CC(O)C2(C)C3=CCC4C(C)(CCC(O)C4(C)C)C3=CCC12C)C(=O)O
96,1,1096,Ganoderic acid L,O=C(CC(C1CC(C2(C1(C)CC(=O)C1=C2C(O)CC2C1(C)CCC(C2(C)C)O)C)O)(O)C)CC(C(=O)O)C,CC(CC(=O)CC(C)(O)C1CC(O)C2(C)C3=C(C(=O)CC12C)C1(C)CCC(O)C(C)(C)C1CC3O)C(=O)O
97,1,1097,Ganoderic acid LM2,O[C@H](/C=C(/C(=O)O)\C)C[C@H]([C@H]1CC(=O)[C@@]2([C@]1(C)CC(=O)C1=C2[C@@H](O)C[C@@H]2[C@]1(C)CCC(=O)C2(C)C)C)C,CC(=CC(O)CC(C)C1CC(=O)C2(C)C3=C(C(=O)CC12C)C1(C)CCC(=O)C(C)(C)C1CC3O)C(=O)O
98,1,1098,Ganoderic acid M,O=C(CC(C(=O)O)C)CC(C1CC(=O)C2(C1(C)C(O)C(=O)C1=C2C(O)CC2C1(C)CCC(=O)C2(C)C)C)C,CC(CC(=O)CC(C)C1CC(=O)C2(C)C3=C(C(=O)C(O)C12C)C1(C)CCC(=O)C(C)(C)C1CC3O)C(=O)O
99,1,1099,Ganoderic acid Mb,CC(=O)OC1CC(C2(C1(C)C1=C(CC2)C2(C(CC1O)C(C)(C)C(CC2)OC(=O)C)C)C)C(C(OC(=O)C)C/C=C(/C(=O)O)\C)C,CC(=O)OC(CC=C(C)C(=O)O)C(C)C1CC(OC(C)=O)C2(C)C3=C(CCC12C)C1(C)CCC(OC(C)=O)C(C)(C)C1CC3O
100,1,1100,Ganoderic acid Md,CC(=O)OC1CC2C(C)(C)C(CCC2(C2=C1C1(C)CCC(C1(CC2)C)C(C(OC(=O)C)C/C=C(/C(=O)O)\C)C)C)OC(=O)C,CC(=O)OC1CC2C(C)(CCC(OC(C)=O)C2(C)C)C2=C1C1(C)CCC(C(C)C(CC=C(C)C(=O)O)OC(C)=O)C1(C)CC2
101,1,1101,Ganoderic acid Mg,COC1CC2C(C)(C)C(CCC2(C2=C1C1(C)C(O)CC(C1(CC2)C)C(C(OC(=O)C)C/C=C(/C(=O)O)\C)C)C)OC(=O)C,COC1CC2C(C)(CCC(OC(C)=O)C2(C)C)C2=C1C1(C)C(O)CC(C(C)C(CC=C(C)C(=O)O)OC(C)=O)C1(C)CC2
102,1,1102,Ganoderic acid Mh,CC(=O)OC(C(C1CC(C2(C1(C)CCC1=C2C(O)CC2C1(C)CCC(C2(C)C)OC(=O)C)C)O)C)C/C=C(/C(=O)O)\C,CC(=O)OC(CC=C(C)C(=O)O)C(C)C1CC(O)C2(C)C3=C(CCC12C)C1(C)CCC(OC(C)=O)C(C)(C)C1CC3O
103,1,1103,Ganoderic acid Mj,COC1CC2C(C3=C1C1(C)CCC(C1(CC3)C)C(C(OC(=O)C)C/C=C(/C(=O)O)\C)C)(C)CCC(C2(C)C)O,COC1CC2C(C)(CCC(O)C2(C)C)C2=C1C1(C)CCC(C(C)C(CC=C(C)C(=O)O)OC(C)=O)C1(C)CC2
104,1,1104,Ganoderic acid N,O=C(CC(C1CC(=O)C2(C1(C)CC(=O)C1=C2C(O)CC2C1(C)CCC(=O)C2(C)C)C)(O)C)CC(C(=O)O)C,CC(CC(=O)CC(C)(O)C1CC(=O)C2(C)C3=C(C(=O)CC12C)C1(C)CCC(=O)C(C)(C)C1CC3O)C(=O)O
105,1,1105,Ganoderic acid S,C[C@@H]([C@H]1CC[C@@]2([C@]1(C)CC=C1C2=CC[C@@H]2[C@]1(C)CCC(=O)C2(C)C)C)CC/C=C(/C(=O)O)\C,CC(=CCCC(C)C1CCC2(C)C3=CCC4C(C)(C)C(=O)CCC4(C)C3=CCC12C)C(=O)O
106,1,1106,Ganoderic acid SZ,C[C@@H]([C@H]1CC[C@@]2([C@]1(C)CC=C1C2=CC[C@@H]2[C@]1(C)CCC(=O)C2(C)C)C)CC/C=C(\C(=O)O)/C,CC(=CCCC(C)C1CCC2(C)C3=CCC4C(C)(C)C(=O)CCC4(C)C3=CCC12C)C(=O)O
107,1,1107,Ganoderic acid TN,CC(=O)O[C@H]1C[C@@H]([C@@]2([C@]1(C)C1=CC[C@@H]3[C@](C1=CC2)(C)CC[C@@H](C3(C)C)O)C)[C@@H](CC/C=C(/C(=O)O)\C)C,CC(=O)OC1CC(C(C)CCC=C(C)C(=O)O)C2(C)CC=C3C(=CCC4C3(C)CCC(O)C4(C)C)C12C
108,1,1108,Ganoderic acid TR,C[C@@H]([C@H]1C[C@@H]([C@@]2([C@]1(C)CC=C1C2=CC[C@@H]2[C@]1(C)CCC(=O)C2(C)C)C)O)CC/C=C(/C(=O)O)\C,CC(=CCCC(C)C1CC(O)C2(C)C3=CCC4C(C)(C)C(=O)CCC4(C)C3=CCC12C)C(=O)O
109,1,1109,Ganoderic acid TR1,C[C@@H]([C@H]1C[C@H]([C@@]2([C@]1(C)CC=C1C2=CC[C@@H]2[C@]1(C)CCC(=O)C2(C)C)C)O)CC/C=C(/C(=O)O)\C,CC(=CCCC(C)C1CC(O)C2(C)C3=CCC4C(C)(C)C(=O)CCC4(C)C3=CCC12C)C(=O)O
110,1,1110,Ganoderic acid T-Q,CC(=O)O[C@H]1C[C@@H]([C@@]2([C@]1(C)C1=CC[C@@H]3[C@](C1=CC2)(C)CCC(=O)C3(C)C)C)[C@@H](CC/C=C(/C(=O)O)\C)C,CC(=O)OC1CC(C(C)CCC=C(C)C(=O)O)C2(C)CC=C3C(=CCC4C(C)(C)C(=O)CCC34C)C12C
111,1,1111,Ganoderic acid U,C[C@@H]([C@H]1CC[C@@]2([C@]1(C)CCC1=C2[C@H](O)C[C@@H]2[C@]1(C)CC[C@H](C2(C)C)O)C)CC/C=C(/C(=O)O)\C,CC(=CCCC(C)C1CCC2(C)C3=C(CCC12C)C1(C)CCC(O)C(C)(C)C1CC3O)C(=O)O
112,1,1112,Ganoderic acid V,CC(=O)O[C@H]1C[C@@H]([C@@]2([C@]1(C)C1=C(CC2)[C@@]2([C@@H](C[C@H]1O)C(C)(C)C(=O)CC2)C)C)[C@@H](CC/C=C(/C(=O)O)\C)C,CC(=O)OC1CC(C(C)CCC=C(C)C(=O)O)C2(C)CCC3=C(C(O)CC4C(C)(C)C(=O)CCC34C)C12C
113,1,1113,Ganoderic acid Y,C[C@@H]([C@H]1CC[C@@]2([C@]1(C)CC=C1C2=CC[C@@H]2[C@]1(C)CC[C@@H](C2(C)C)O)C)CC/C=C(/C(=O)O)\C,CC(=CCCC(C)C1CCC2(C)C3=CCC4C(C)(CCC(O)C4(C)C)C3=CCC12C)C(=O)O
114,1,1114,Ganoderic acid Z,C[C@@H]([C@H]1CC[C@@]2([C@]1(C)CCC1=C2CC[C@@H]2[C@]1(C)CC[C@@H](C2(C)C)O)C)CC/C=C(/C(=O)O)\C,CC(=CCCC(C)C1CCC2(C)C3=C(CCC12C)C1(C)CCC(O)C(C)(C)C1CC3)C(=O)O
115,1,1115,Ganodermic acid T-O,CC(=O)O[C@H]1CC[C@]2([C@H](C1(C)C)CC=C1C2=CC[C@]2([C@@]1(C)[C@@H](O)C[C@@H]2[C@@H](CC/C=C(/C(=O)O)\C)C)C)C,CC(=O)OC1CCC2(C)C3=CCC4(C)C(C(C)CCC=C(C)C(=O)O)CC(O)C4(C)C3=CCC2C1(C)C
116,1,1116,Ganoderenic acid A,O=C(CC(C(=O)O)C)/C=C(\C1CC(C2(C1(C)CC(=O)C1=C2C(O)CC2C1(C)CCC(=O)C2(C)C)C)O)/C,CC(=CC(=O)CC(C)C(=O)O)C1CC(O)C2(C)C3=C(C(=O)CC12C)C1(C)CCC(=O)C(C)(C)C1CC3O
117,1,1117,Ganoderenic acid B,O=C(CC(C(=O)O)C)/C=C(\C1CC(=O)C2(C1(C)CC(=O)C1=C2C(O)CC2C1(C)CCC(C2(C)C)O)C)/C,CC(=CC(=O)CC(C)C(=O)O)C1CC(=O)C2(C)C3=C(C(=O)CC12C)C1(C)CCC(O)C(C)(C)C1CC3O
118,1,1118,Ganoderenic acid C,O=C(CC(C(=O)O)C)/C=C(\C1CC(C2(C1(C)CC(=O)C1=C2C(O)CC2C1(C)CCC(C2(C)C)O)C)O)/C,CC(=CC(=O)CC(C)C(=O)O)C1CC(O)C2(C)C3=C(C(=O)CC12C)C1(C)CCC(O)C(C)(C)C1CC3O
119,1,1119,Ganoderenic acid E,O=C(CC(C(=O)O)C)/C=C(\C1CC(=O)C2(C1(C)C(O)C(=O)C1=C2C(O)CC2C1(C)CCC(=O)C2(C)C)C)/C,CC(=CC(=O)CC(C)C(=O)O)C1CC(=O)C2(C)C3=C(C(=O)C(O)C12C)C1(C)CCC(=O)C(C)(C)C1CC3O
120,1,1120,Ganoderenic acid F,O=C(CC(C(=O)O)C)/C=C(\C1CC(=O)C2(C1(C)CC(=O)C1=C2C(=O)CC2C1(C)CCC(=O)C2(C)C)C)/C,CC(=CC(=O)CC(C)C(=O)O)C1CC(=O)C2(C)C3=C(C(=O)CC12C)C1(C)CCC(=O)C(C)(C)C1CC3=O
121,1,1121,Ganoderenic acid G,O=C(CC(C(=O)O)C)/C=C(\C1CC(C2(C1(C)CC(=O)C1=C2C(=O)CC2C1(C)CCC(=O)C2(C)C)C)O)/C,CC(=CC(=O)CC(C)C(=O)O)C1CC(O)C2(C)C3=C(C(=O)CC12C)C1(C)CCC(=O)C(C)(C)C1CC3=O
122,1,1122,Ganoderenic acid H,O=C(CC(C(=O)O)C)/C=C(\C1CC(=O)C2(C1(C)CC(=O)C1=C2C(=O)CC2C1(C)CCC(C2(C)C)O)C)/C,CC(=CC(=O)CC(C)C(=O)O)C1CC(=O)C2(C)C3=C(C(=O)CC12C)C1(C)CCC(O)C(C)(C)C1CC3=O
123,1,1123,Ganoderenic acid I,O=C(CC(C(=O)O)C)/C=C(\C1CC(C2(C1(C)CC(=O)C1=C2C(=O)CC2C1(C)CCC(C2(C)C)O)C)O)/C,CC(=CC(=O)CC(C)C(=O)O)C1CC(O)C2(C)C3=C(C(=O)CC12C)C1(C)CCC(O)C(C)(C)C1CC3=O
124,1,1124,Ganoderenic acid K,CC(=O)O[C@@H]1C(=O)C2=C([C@]3([C@@]1(C)[C@H](CC3=O)/C(=C/C(=O)CC(C(=O)O)C)/C)C)[C@@H](O)C[C@@H]1[C@]2(C)CC[C@@H](C1(C)C)O,CC(=O)OC1C(=O)C2=C(C(O)CC3C2(C)CCC(O)C3(C)C)C2(C)C(=O)CC(C(C)=CC(=O)CC(C)C(=O)O)C12C
125,1,1125,Methyl ganoderate AP,COC(=O)C(CC(=O)CC(C1CC(C2(C1(C)C(O)C(=O)C1=C2C(=O)CC2C1(C)CCC(=O)C2(C)C)C)O)(O)C)C,COC(=O)C(C)CC(=O)CC(C)(O)C1CC(O)C2(C)C3=C(C(=O)C(O)C12C)C1(C)CCC(=O)C(C)(C)C1CC3=O
126,1,1126,(25R)-Methyl ganoderate D,COC(=O)[C@@H](CC(=O)C[C@H]([C@H]1CC(=O)[C@@]2([C@]1(C)CC(=O)C1=C2[C@@H](O)C[C@@H]2[C@]1(C)CCC(=O)C2(C)C)C)C)C,COC(=O)C(C)CC(=O)CC(C)C1CC(=O)C2(C)C3=C(C(=O)CC12C)C1(C)CCC(=O)C(C)(C)C1CC3O
127,1,1127,Methyl Ganoderic acid Df,COC(=O)C(CC(=O)C[C@H]([C@H]1CC(=O)[C@@]2([C@]1(C)C[C@H](O)C1=C2[C@@H](O)C[C@@H]2[C@]1(C)CCC(=O)C2(C)C)C)C)C,COC(=O)C(C)CC(=O)CC(C)C1CC(=O)C2(C)C3=C(C(O)CC12C)C1(C)CCC(=O)C(C)(C)C1CC3O
128,1,1128,Methyl Ganoderic acid DM,C[C@@H]([C@H]1CC[C@@]2([C@]1(C)CCC1=C2C(=O)C[C@@H]2[C@]1(C)CCC(=O)C2(C)C)C)CC/C=C(\C(=O)O)/C,CC(=CCCC(C)C1CCC2(C)C3=C(CCC12C)C1(C)CCC(=O)C(C)(C)C1CC3=O)C(=O)O
129,1,1129,Methyl Ganoderic acid E,COC(=O)[C@@H](CC(=O)C[C@H]([C@H]1CC(=O)[C@@]2([C@]1(C)CC(=O)C1=C2C(=O)C[C@@H]2[C@]1(C)CCC(=O)C2(C)C)C)C)C,COC(=O)C(C)CC(=O)CC(C)C1CC(=O)C2(C)C3=C(C(=O)CC12C)C1(C)CCC(=O)C(C)(C)C1CC3=O
130,1,1130,Methyl Ganoderic acid F,COC(=O)C(CC(=O)C[C@H]([C@H]1CC(=O)[C@@]2([C@]1(C)[C@H](OC(=O)C)C(=O)C1=C2C(=O)C[C@@H]2[C@]1(C)CCC(=O)C2(C)C)C)C)C,COC(=O)C(C)CC(=O)CC(C)C1CC(=O)C2(C)C3=C(C(=O)C(OC(C)=O)C12C)C1(C)CCC(=O)C(C)(C)C1CC3=O
131,1,1131,Methyl Ganoderic acid G,COC(=O)C(CC(=O)C[C@H]([C@H]1CC(=O)[C@@]2([C@]1(C)[C@H](O)C(=O)C1=C2[C@@H](O)C[C@@H]2[C@]1(C)CC[C@@H](C2(C)C)O)C)C)C,COC(=O)C(C)CC(=O)CC(C)C1CC(=O)C2(C)C3=C(C(=O)C(O)C12C)C1(C)CCC(O)C(C)(C)C1CC3O
132,1,1132,Methyl Ganoderic acid H,COC(=O)C(CC(=O)C[C@H]([C@H]1CC(=O)[C@@]2([C@]1(C)[C@H](OC(=O)C)C(=O)C1=C2C(=O)C[C@@H]2[C@]1(C)CC[C@@H](C2(C)C)O)C)C)C,COC(=O)C(C)CC(=O)CC(C)C1CC(=O)C2(C)C3=C(C(=O)C(OC(C)=O)C12C)C1(C)CCC(O)C(C)(C)C1CC3=O
133,1,1133,Methyl Ganoderic acid I,COC(=O)C(CC(=O)CC([C@H]1CC(=O)[C@@]2([C@]1(C)CC(=O)C1=C2[C@@H](O)C[C@@H]2[C@]1(C)CC[C@@H](C2(C)C)O)C)(O)C)C,COC(=O)C(C)CC(=O)CC(C)(O)C1CC(=O)C2(C)C3=C(C(=O)CC12C)C1(C)CCC(O)C(C)(C)C1CC3O
134,1,1134,Methyl Ganoderic acid K,COC(=O)C(CC(=O)CC(C1CC(C2(C1(C)CC(=O)C1=C2C(=O)CC2C1(C)CCC(=O)C2(C)C)C)O)C)C,COC(=O)C(C)CC(=O)CC(C)C1CC(O)C2(C)C3=C(C(=O)CC12C)C1(C)CCC(=O)C(C)(C)C1CC3=O
135,1,1135,Methyl Ganoderic acid K2003,COC(=O)C(CC(=O)C[C@H]([C@H]1C[C@@H]([C@@]2([C@]1(C)CC(=O)C1=C2C(=O)C[C@@H]2[C@]1(C)CC[C@@H](C2(C)C)O)C)O)C)C,COC(=O)C(C)CC(=O)CC(C)C1CC(O)C2(C)C3=C(C(=O)CC12C)C1(C)CCC(O)C(C)(C)C1CC3=O
136,1,1136,Methyl Ganoderenic acid H,COC(=O)C(CC(=O)/C=C(\C1CC(=O)C2(C1(C)CC(=O)C1=C2C(=O)CC2C1(C)CCC(C2(C)C)O)C)/C)C,COC(=O)C(C)CC(=O)C=C(C)C1CC(=O)C2(C)C3=C(C(=O)CC12C)C1(C)CCC(O)C(C)(C)C1CC3=O
137,1,1137,Methyl Ganoderenic acid I,COC(=O)C(CC(=O)/C=C(\C1CC(C2(C1(C)CC(=O)C1=C2C(=O)CC2C1(C)CCC(C2(C)C)O)C)O)/C)C,COC(=O)C(C)CC(=O)C=C(C)C1CC(O)C2(C)C3=C(C(=O)CC12C)C1(C)CCC(O)C(C)(C)C1CC3=O
138,1,1138,Ethyl Ganoderic acid F,CCOC(=O)C(CC(=O)C[C@H]([C@H]1CC(=O)[C@@]2([C@]1(C)[C@H](OC(=O)C)C(=O)C1=C2C(=O)C[C@@H]2[C@]1(C)CCC(=O)C2(C)C)C)C)C,CCOC(=O)C(C)CC(=O)CC(C)C1CC(=O)C2(C)C3=C(C(=O)C(OC(C)=O)C12C)C1(C)CCC(=O)C(C)(C)C1CC3=O
139,1,1139,Butyl Ganoderic acid A,CCCCOC(=O)[C@@H](CC(=O)C[C@H]([C@H]1C[C@@H]([C@@]2([C@]1(C)CC(=O)C1=C2[C@@H](O)C[C@@H]2[C@]1(C)CCC(=O)C2(C)C)C)O)C)C,CCCCOC(=O)C(C)CC(=O)CC(C)C1CC(O)C2(C)C3=C(C(=O)CC12C)C1(C)CCC(=O)C(C)(C)C1CC3O
140,1,1140,Butyl Ganoderic acid B,CCCCOC(=O)[C@@H](CC(=O)C[C@H]([C@H]1CC(=O)[C@@]2([C@]1(C)CC(=O)C1=C2[C@@H](O)C[C@@H]2[C@]1(C)CC[C@@H](C2(C)C)O)C)C)C,CCCCOC(=O)C(C)CC(=O)CC(C)C1CC(=O)C2(C)C3=C(C(=O)CC12C)C1(C)CCC(O)C(C)(C)C1CC3O
141,1,1141,Tri-OAc Ganodermatriol,CC(=O)OCC([C@@H](OC(=O)C)CC[C@H]([C@H]1CC[C@@]2([C@]1(C)CC=C1C2=CC[C@@H]2[C@]1(C)CC[C@@H](C2(C)C)OC(=O)C)C)C)(O)C,CC(=O)OCC(C)(O)C(CCC(C)C1CCC2(C)C3=CCC4C(C)(CCC(OC(C)=O)C4(C)C)C3=CCC12C)OC(C)=O
142,1,1142,12-hydroxy Ganoderic acid C2,O=C(C[C@H]([C@H]1C[C@@H]([C@@]2([C@]1(C)[C@H](O)C(=O)C1=C2[C@@H](O)C[C@@H]2[C@]1(C)CC[C@@H](C2(C)C)O)C)O)C)C[C@H](C(=O)O)C,CC(CC(=O)CC(C)C1CC(O)C2(C)C3=C(C(=O)C(O)C12C)C1(C)CCC(O)C(C)(C)C1CC3O)C(=O)O
143,1,1143,12-alpha-OAc Ganoderic acid D,O=C(CC(C(=O)O)C)C[C@H]([C@H]1CC(=O)[C@@]2([C@]1(C)C(OC(=O)C)C(=O)C1=C2[C@@H](O)C[C@@H]2[C@]1(C)CCC(=O)C2(C)C)C)C,CC(=O)OC1C(=O)C2=C(C(O)CC3C(C)(C)C(=O)CCC23C)C2(C)C(=O)CC(C(C)CC(=O)CC(C)C(=O)O)C12C
144,1,1144,15-OAc Ganolucidic acid E,CC(=O)O[C@H]1C[C@@H]([C@@]2([C@]1(C)C1=C(C(=O)C2)[C@@]2([C@@H](CC1)C(C)(C)C(=O)CC2)C)C)[C@@H](CC/C=C(/C(=O)O)\C)C,CC(=O)OC1CC(C(C)CCC=C(C)C(=O)O)C2(C)CC(=O)C3=C(CCC4C(C)(C)C(=O)CCC34C)C12C
145,1,1145,20-hydroxy Ganoderic acid G,O=C(CC(C(=O)O)C)CC(C1CC(=O)C2(C1(C)CC(=O)C1=C2C(=O)CC2C1(C)CCC(C2(C)C)O)C)C,CC(CC(=O)CC(C)C1CC(=O)C2(C)C3=C(C(=O)CC12C)C1(C)CCC(O)C(C)(C)C1CC3=O)C(=O)O
146,1,1146,3-Acetylganoderic acid H,O=C(CC(C(=O)O)C)CC(C1CC(C2(C1(C)CC(=O)C1=C2C(=O)CC2C1(C)CCC(=O)C2(C)C)C)O)C,CC(CC(=O)CC(C)C1CC(O)C2(C)C3=C(C(=O)CC12C)C1(C)CCC(=O)C(C)(C)C1CC3=O)C(=O)O
147,1,1147,23-hydroxy Ganoderic acid S,O=C(C[C@H](C(=O)O)C)C[C@H]([C@H]1C[C@@H]([C@@]2([C@]1(C)CC(=O)C1=C2[C@@H](O)CC2[C@]1(C)CC[C@@H](C2(C)C)O)C)O)C,CC(CC(=O)CC(C)C1CC(O)C2(C)C3=C(C(=O)CC12C)C1(C)CCC(O)C(C)(C)C1CC3O)C(=O)O
148,1,1148,Methyl di-O-acetylganoderate A,O=C(CC(C(=O)O)C)CC(C1CC(=O)C2(C1(C)C(O)C(=O)C1=C2C(O)CC2C1(C)CCC(C2(C)C)O)C)C,CC(CC(=O)CC(C)C1CC(=O)C2(C)C3=C(C(=O)C(O)C12C)C1(C)CCC(O)C(C)(C)C1CC3O)C(=O)O
149,1,1149,Methyl 7alpha-hydroxy-7-deoxoganoderate AP,C[C@@H]([C@H]1CC[C@@]2([C@]1(C)CCC1=C2C(=O)C[C@@H]2[C@]1(C)CC[C@@H](C2(C)C)O)C)CC/C=C(/C(=O)O)\C,CC(=CCCC(C)C1CCC2(C)C3=C(CCC12C)C1(C)CCC(O)C(C)(C)C1CC3=O)C(=O)O
150,1,1150,"8beta,9alpha-Dihydroganoderic acid J methyl ester",COC(=O)C(CC(=O)C[C@H]([C@H]1C[C@@H]([C@@]2([C@]1(C)CC(=O)[C@H]1[C@H]2C(=O)C[C@@H]2[C@]1(C)CCC(=O)C2(C)C)C)O)C)C,COC(=O)C(C)CC(=O)CC(C)C1CC(O)C2(C)C3C(=O)CC4C(C)(C)C(=O)CCC4(C)C3C(=O)CC12C
151,1,1151,Lucidenic acid D2,CC(=O)O[C@@H]1C(=O)C2=C([C@]3([C@@]1(C)[C@H](CC3=O)[C@@H](CCC(=O)O)C)C)C(=O)C[C@@H]1[C@]2(C)CCC(=O)C1(C)C,CC(=O)OC1C(=O)C2=C(C(=O)CC3C(C)(C)C(=O)CCC23C)C2(C)C(=O)CC(C(C)CCC(=O)O)C12C
152,1,1152,Lucidenic acid D1,OC(=O)CC[C@H]([C@H]1CC(=O)[C@@]2([C@]1(C)C(=O)C(=O)C1=C2C(=O)C[C@@H]2[C@]1(C)CCC(=O)C2(C)C)C)C,CC(CCC(=O)O)C1CC(=O)C2(C)C3=C(C(=O)C(=O)C12C)C1(C)CCC(=O)C(C)(C)C1CC3=O
153,1,1153,Lucidenic acid E2,CC(=O)O[C@@H]1C(=O)C2=C([C@]3([C@@]1(C)[C@H](CC3=O)[C@@H](CCC(=O)O)C)C)C(=O)C[C@@H]1[C@]2(C)CC[C@@H](C1(C)C)O,CC(=O)OC1C(=O)C2=C(C(=O)CC3C2(C)CCC(O)C3(C)C)C2(C)C(=O)CC(C(C)CCC(=O)O)C12C
154,1,1154,Lucidenic acid E1,OC(=O)CC[C@H]([C@H]1CC(=O)[C@@]2([C@]1(C)[C@@H](O)C(=O)C1=C2[C@@H](O)C[C@@H]2[C@]1(C)CCC(=O)C2(C)C)C)C,CC(CCC(=O)O)C1CC(=O)C2(C)C3=C(C(=O)C(O)C12C)C1(C)CCC(=O)C(C)(C)C1CC3O
155,1,1155,Lucidenic acid F,OC(=O)CC[C@H]([C@H]1CC(=O)[C@@]2([C@]1(C)CC(=O)C1=C2C(=O)C[C@@H]2[C@]1(C)CCC(=O)C2(C)C)C)C,CC(CCC(=O)O)C1CC(=O)C2(C)C3=C(C(=O)CC12C)C1(C)CCC(=O)C(C)(C)C1CC3=O
156,1,1156,Lucidenic acid G,OC[C@@]1(C)C(=O)CC[C@]2([C@H]1C[C@H](O)C1=C2C(=O)C[C@]2([C@@]1(C)[C@@H](O)C[C@@H]2[C@@H](CCC(=O)O)C)C)C,CC(CCC(=O)O)C1CC(O)C2(C)C3=C(C(=O)CC12C)C1(C)CCC(=O)C(C)(CO)C1CC3O
157,1,1157,Lucidenic acid H,OC[C@]1(C)[C@@H](O)CC[C@]2([C@H]1C[C@H](O)C1=C2C(=O)C[C@]2([C@@]1(C)C(=O)C[C@@H]2[C@@H](CCC(=O)O)C)C)C,CC(CCC(=O)O)C1CC(=O)C2(C)C3=C(C(=O)CC12C)C1(C)CCC(O)C(C)(CO)C1CC3O
158,1,1158,Lucidenic acid I,OC[C@]1(C)[C@@H](O)CC[C@]2([C@H]1CC(=O)C1=C2C(=O)C[C@]2([C@@]1(C)C(=O)C[C@@H]2[C@@H](CCC(=O)O)C)C)C,CC(CCC(=O)O)C1CC(=O)C2(C)C3=C(C(=O)CC12C)C1(C)CCC(O)C(C)(CO)C1CC3=O
159,1,1159,Lucidenic acid J,OC[C@]1(C)[C@@H](O)CC[C@]2([C@H]1CC(=O)C1=C2C(=O)[C@H]([C@]2([C@@]1(C)C(=O)C[C@@H]2[C@@H](CCC(=O)O)C)C)O)C,CC(CCC(=O)O)C1CC(=O)C2(C)C3=C(C(=O)C(O)C12C)C1(C)CCC(O)C(C)(CO)C1CC3=O
160,1,1160,Lucidenic acid K,OC(=O)CC[C@H]([C@H]1CC(=O)[C@@]2([C@]1(C)[C@@H](O)C(=O)C1=C2C(=O)C[C@@H]2[C@]1(C)CCC(=O)C2(C)C)C)C,CC(CCC(=O)O)C1CC(=O)C2(C)C3=C(C(=O)C(O)C12C)C1(C)CCC(=O)C(C)(C)C1CC3=O
161,1,1161,Lucidenic acid L,OC(=O)CC[C@H]([C@H]1CC(=O)[C@@]2([C@]1(C)[C@H](O)C(=O)C1=C2C(=O)C[C@@H]2[C@]1(C)CC[C@@H](C2(C)C)O)C)C,CC(CCC(=O)O)C1CC(=O)C2(C)C3=C(C(=O)C(O)C12C)C1(C)CCC(O)C(C)(C)C1CC3=O
162,1,1162,Lucidenic acid M,OC(=O)CCC(C1CC(C2(C1(C)CC(=O)C1=C2C(O)CC2C1(C)CCC(C2(C)C)O)C)O)C,CC(CCC(=O)O)C1CC(O)C2(C)C3=C(C(=O)CC12C)C1(C)CCC(O)C(C)(C)C1CC3O
163,1,1163,Lucidenic acid O,OC[C@]1(C)[C@@H](O)CC[C@]2([C@H]1C[C@H](O)C1=C2C(=O)C[C@]2([C@@]1(C)[C@@H](O)C[C@@H]2C(=C)CCC(=O)O)C)C,C=C(CCC(=O)O)C1CC(O)C2(C)C3=C(C(=O)CC12C)C1(C)CCC(O)C(C)(CO)C1CC3O
164,1,1164,Lucidenic acid P,CC(=O)O[C@@H]1C(=O)C2=C([C@]3([C@@]1(C)[C@H](CC3=O)[C@@H](CCC(=O)O)C)C)[C@@H](O)C[C@@H]1[C@]2(C)CC[C@@H](C1(C)C)O,CC(=O)OC1C(=O)C2=C(C(O)CC3C2(C)CCC(O)C3(C)C)C2(C)C(=O)CC(C(C)CCC(=O)O)C12C
165,1,1165,Lucidenic acid SP1,OC(=O)CC[C@H]([C@H]1CC(=O)[C@@]2([C@]1(C)CC(=O)C1=C2[C@@H](O)C[C@@H]2[C@]1(C)CC[C@@H](C2(C)C)O)C)C,CC(CCC(=O)O)C1CC(=O)C2(C)C3=C(C(=O)CC12C)C1(C)CCC(O)C(C)(C)C1CC3O
166,1,1166,20(21)-Dehydrolucidenic acid A,OC(=O)CCC(=C)[C@H]1CC(=O)[C@@]2([C@]1(C)CC(=O)C1=C2[C@@H](O)C[C@@H]2[C@]1(C)CCC(=O)C2(C)C)C,C=C(CCC(=O)O)C1CC(=O)C2(C)C3=C(C(=O)CC12C)C1(C)CCC(=O)C(C)(C)C1CC3O
167,1,1167,20(21)-Dehydrolucidenic acid N,OC(=O)CCC(=C)[C@H]1CC(=O)[C@@]2([C@]1(C)CC(=O)C1=C2[C@@H](O)C[C@@H]2[C@]1(C)CC[C@@H](C2(C)C)O)C,C=C(CCC(=O)O)C1CC(=O)C2(C)C3=C(C(=O)CC12C)C1(C)CCC(O)C(C)(C)C1CC3O
168,1,1168,20-Hydroxylucidenic acid A,OC(=O)CCC([C@H]1CC(=O)[C@@]2([C@]1(C)CC(=O)C1=C2[C@@H](O)C[C@@H]2[C@]1(C)CCC(=O)C2(C)C)C)(O)C,CC(O)(CCC(=O)O)C1CC(=O)C2(C)C3=C(C(=O)CC12C)C1(C)CCC(=O)C(C)(C)C1CC3O
169,1,1169,20-Hydroxylucidenic acid D2,CC(=O)O[C@@H]1C(=O)C2=C([C@]3([C@@]1(C)[C@H](CC3=O)C(CCC(=O)O)(O)C)C)C(=O)C[C@@H]1[C@]2(C)CCC(=O)C1(C)C,CC(=O)OC1C(=O)C2=C(C(=O)CC3C(C)(C)C(=O)CCC23C)C2(C)C(=O)CC(C(C)(O)CCC(=O)O)C12C
170,1,1170,20-Hydroxylucidenic acid E2,CC(=O)O[C@@H]1C(=O)C2=C([C@]3([C@@]1(C)[C@H](CC3=O)C(CCC(=O)O)(O)C)C)C(=O)C[C@@H]1[C@]2(C)CC[C@@H](C1(C)C)O,CC(=O)OC1C(=O)C2=C(C(=O)CC3C2(C)CCC(O)C3(C)C)C2(C)C(=O)CC(C(C)(O)CCC(=O)O)C12C
171,1,1171,20-Hydroxylucidenic acid F,OC(=O)CCC([C@H]1CC(=O)[C@@]2([C@]1(C)CC(=O)C1=C2C(=O)C[C@@H]2[C@]1(C)CCC(=O)C2(C)C)C)(O)C,CC(O)(CCC(=O)O)C1CC(=O)C2(C)C3=C(C(=O)CC12C)C1(C)CCC(=O)C(C)(C)C1CC3=O
172,1,1172,20-Hydroxylucidenic acid N,OC(=O)CCC([C@H]1CC(=O)[C@@]2([C@]1(C)CC(=O)C1=C2[C@@H](O)C[C@@H]2[C@]1(C)CC[C@@H](C2(C)C)O)C)(O)C,CC(O)(CCC(=O)O)C1CC(=O)C2(C)C3=C(C(=O)CC12C)C1(C)CCC(O)C(C)(C)C1CC3O
173,1,1173,20-Hydroxylucidenic acid P,CC(=O)O[C@@H]1C(=O)C2=C([C@]3([C@@]1(C)[C@H](CC3=O)C(CCC(=O)O)(O)C)C)[C@@H](O)C[C@@H]1[C@]2(C)CC[C@@H](C1(C)C)O,CC(=O)OC1C(=O)C2=C(C(O)CC3C2(C)CCC(O)C3(C)C)C2(C)C(=O)CC(C(C)(O)CCC(=O)O)C12C
174,1,1174,Lucidenic lactone,OCC1(CCC(=O)O1)[C@H]1C[C@@H]([C@@]2([C@]1(C)CC(=O)C1=C2[C@@H](O)C[C@@H]2[C@]1(C)CC[C@@H](C2(C)C)O)C)O,CC12CCC(O)C(C)(C)C1CC(O)C1=C2C(=O)CC2(C)C(C3(CO)CCC(=O)O3)CC(O)C12C
175,1,1175,Lucideraldehyde A,O=C/C(=C/CC[C@H]([C@H]1CC[C@@]2([C@]1(C)CC=C1C2=CC[C@@H]2[C@]1(C)CC[C@@H](C2(C)C)O)C)C)/C,CC(C=O)=CCCC(C)C1CCC2(C)C3=CCC4C(C)(CCC(O)C4(C)C)C3=CCC12C
176,1,1176,Lucideraldehyde D,O=C/C(=C/CC[C@H]([C@H]1CC[C@@]2([C@]1(C)CC(=O)C1=C2C(=O)C[C@@H]2[C@]1(C)CCC(=O)C2(C)C)C)C)/C,CC(C=O)=CCCC(C)C1CCC2(C)C3=C(C(=O)CC12C)C1(C)CCC(=O)C(C)(C)C1CC3=O
177,1,1177,Ganolucidic acid C,OCC1(C)C(O)CCC2(C1CCC1=C2C(=O)CC2(C1(C)C(O)CC2C(CC(=O)CC(C(=O)O)C)C)C)C,CC(CC(=O)CC(C)C1CC(O)C2(C)C3=C(C(=O)CC12C)C1(C)CCC(O)C(C)(CO)C1CC3)C(=O)O
178,1,1178,Ganosporic acid A,O=C(C[C@H]([C@H]1CC(=O)[C@@]2([C@]1(C)C(=O)C(=O)C1=C2C(=O)C[C@@H]2[C@]1(C)CCC(=O)C2(C)C)C)C)C[C@H](C(=O)O)C,CC(CC(=O)CC(C)C1CC(=O)C2(C)C3=C(C(=O)C(=O)C12C)C1(C)CCC(=O)C(C)(C)C1CC3=O)C(=O)O
179,1,1179, Tri-O-deacetylganoderic acid T,O[C@H]([C@H]([C@H]1C[C@@H]([C@@]2([C@]1(C)CC=C1C2=CC[C@@H]2[C@]1(C)CC[C@H](C2(C)C)O)C)O)C)C/C=C(/C(=O)O)\C,CC(=CCC(O)C(C)C1CC(O)C2(C)C3=CCC4C(C)(CCC(O)C4(C)C)C3=CCC12C)C(=O)O
180,1,1180,Methyl lucidenate A,COC(=O)CC[C@H]([C@H]1CC(=O)[C@@]2([C@]1(C)CC(=O)C1=C2[C@@H](O)C[C@@H]2[C@]1(C)CCC(=O)C2(C)C)C)C,COC(=O)CCC(C)C1CC(=O)C2(C)C3=C(C(=O)CC12C)C1(C)CCC(=O)C(C)(C)C1CC3O
181,1,1181,Methyl lucidenate C,COC(=O)CC[C@H]([C@H]1CC(=O)[C@@]2([C@]1(C)[C@H](O)C(=O)C1=C2[C@@H](O)C[C@@H]2[C@]1(C)CC[C@@H](C2(C)C)O)C)C,COC(=O)CCC(C)C1CC(=O)C2(C)C3=C(C(=O)C(O)C12C)C1(C)CCC(O)C(C)(C)C1CC3O
182,1,1182,Lucidenic acid D2 methyl ester,COC(=O)CC[C@H]([C@H]1CC(=O)[C@@]2([C@]1(C)[C@H](OC(=O)C)C(=O)C1=C2C(=O)C[C@@H]2[C@]1(C)CCC(=O)C2(C)C)C)C,COC(=O)CCC(C)C1CC(=O)C2(C)C3=C(C(=O)C(OC(C)=O)C12C)C1(C)CCC(=O)C(C)(C)C1CC3=O
183,1,1183,Methyl lucidenate E2,COC(=O)CC[C@H]([C@H]1CC(=O)[C@@]2([C@]1(C)[C@H](OC(=O)C)C(=O)C1=C2C(=O)C[C@@H]2[C@]1(C)CC[C@@H](C2(C)C)O)C)C,COC(=O)CCC(C)C1CC(=O)C2(C)C3=C(C(=O)C(OC(C)=O)C12C)C1(C)CCC(O)C(C)(C)C1CC3=O
184,1,1184,Methyl lucidenate F,COC(=O)CC[C@H]([C@H]1CC(=O)[C@@]2([C@]1(C)CC(=O)C1=C2C(=O)C[C@@H]2[C@]1(C)CCC(=O)C2(C)C)C)C,COC(=O)CCC(C)C1CC(=O)C2(C)C3=C(C(=O)CC12C)C1(C)CCC(=O)C(C)(C)C1CC3=O
185,1,1185,Methyl lucidenate L,COC(=O)CC[C@H]([C@H]1CC(=O)[C@@]2([C@]1(C)[C@H](O)C(=O)C1=C2C(=O)C[C@@H]2[C@]1(C)CC[C@@H](C2(C)C)O)C)C,COC(=O)CCC(C)C1CC(=O)C2(C)C3=C(C(=O)C(O)C12C)C1(C)CCC(O)C(C)(C)C1CC3=O
186,1,1186,Methyl lucidenate N,COC(=O)CC[C@H]([C@H]1CC(=O)[C@@]2([C@]1(C)CC(=O)C1=C2[C@@H](O)C[C@@H]2[C@]1(C)CC[C@@H](C2(C)C)O)C)C,COC(=O)CCC(C)C1CC(=O)C2(C)C3=C(C(=O)CC12C)C1(C)CCC(O)C(C)(C)C1CC3O
187,1,1187,Methyl lucidenate P,COC(=O)CC[C@H]([C@H]1CC(=O)[C@@]2([C@]1(C)[C@H](OC(=O)C)C(=O)C1=C2[C@@H](O)C[C@@H]2[C@]1(C)CC[C@@H](C2(C)C)O)C)C,COC(=O)CCC(C)C1CC(=O)C2(C)C3=C(C(=O)C(OC(C)=O)C12C)C1(C)CCC(O)C(C)(C)C1CC3O
188,1,1188,Methyl lucidenate Q,COC(=O)CC[C@H]([C@H]1C[C@@H]([C@@]2([C@]1(C)CC(=O)C1=C2[C@@H](O)C[C@@H]2[C@]1(C)CCC(=O)C2(C)C)C)O)C,COC(=O)CCC(C)C1CC(O)C2(C)C3=C(C(=O)CC12C)C1(C)CCC(=O)C(C)(C)C1CC3O
189,1,1189,Methyl ganolucidate D,COC(=O)/C(=C/C(CC(C1CC(C2(C1(C)CC(=O)C1=C2CCC2C1(C)CCC(=O)C2(C)C)C)O)C)O)/C,COC(=O)C(C)=CC(O)CC(C)C1CC(O)C2(C)C3=C(C(=O)CC12C)C1(C)CCC(=O)C(C)(C)C1CC3
190,1,1190,Methyl 20(21)-Dehydrolucidenate A,COC(=O)CCC(=C)[C@H]1CC(=O)[C@@]2([C@]1(C)CC(=O)C1=C2[C@@H](O)C[C@@H]2[C@]1(C)CCC(=O)C2(C)C)C,C=C(CCC(=O)OC)C1CC(=O)C2(C)C3=C(C(=O)CC12C)C1(C)CCC(=O)C(C)(C)C1CC3O
191,1,1191,Butyl lucidenate A,CCCCOC(=O)CC[C@H]([C@H]1CC(=O)[C@@]2([C@]1(C)CC(=O)C1=C2[C@@H](O)C[C@@H]2[C@]1(C)CCC(=O)C2(C)C)C)C,CCCCOC(=O)CCC(C)C1CC(=O)C2(C)C3=C(C(=O)CC12C)C1(C)CCC(=O)C(C)(C)C1CC3O
192,1,1192,Butyl lucidenate B,CCCCOC(=O)CC[C@H]([C@H]1CC(=O)[C@@]2([C@]1(C)[C@H](O)C(=O)C1=C2[C@@H](O)C[C@@H]2[C@]1(C)CCC(=O)C2(C)C)C)C,CCCCOC(=O)CCC(C)C1CC(=O)C2(C)C3=C(C(=O)C(O)C12C)C1(C)CCC(=O)C(C)(C)C1CC3O
193,1,1193,Butyl lucidenate N,CCCCOC(=O)CC[C@H]([C@H]1CC(=O)[C@@]2([C@]1(C)CC(=O)C1=C2[C@@H](O)C[C@@H]2[C@]1(C)CC[C@@H](C2(C)C)O)C)C,CCCCOC(=O)CCC(C)C1CC(=O)C2(C)C3=C(C(=O)CC12C)C1(C)CCC(O)C(C)(C)C1CC3O
194,1,1194,Ganodermatriol,OCC(=CCC[C@H]([C@H]1CC[C@@]2([C@]1(C)CC=C1C2=CC[C@@H]2[C@]1(C)CC[C@@H](C2(C)C)O)C)C)CO,CC(CCC=C(CO)CO)C1CCC2(C)C3=CCC4C(C)(CCC(O)C4(C)C)C3=CCC12C
195,1,1195,Ganodermanondiol,C[C@@H]([C@H]1CC[C@@]2([C@]1(C)CC=C1C2=CC[C@@H]2[C@]1(C)CCC(=O)C2(C)C)C)CC[C@@H](C(O)(C)C)O,CC(CCC(O)C(C)(C)O)C1CCC2(C)C3=CCC4C(C)(C)C(=O)CCC4(C)C3=CCC12C
196,1,1196,"8beta,9alpha-Dihydroganoderic acid C",O=C(C[C@H](C(=O)O)C)C[C@H]([C@H]1CC(=O)[C@@]2([C@]1(C)CC(=O)[C@H]1[C@H]2C(=O)C[C@@H]2[C@]1(C)CCC(=O)C2(C)C)C)C,CC(CC(=O)CC(C)C1CC(=O)C2(C)C3C(=O)CC4C(C)(C)C(=O)CCC4(C)C3C(=O)CC12C)C(=O)O
197,1,1197,"8beta,9alpha-Dihydroganoderic acid J",O=C(CC(C(=O)O)C)C[C@H]([C@H]1C[C@@H]([C@@]2([C@]1(C)CC(=O)[C@H]1[C@H]2C(=O)C[C@@H]2[C@]1(C)CCC(=O)C2(C)C)C)O)C,CC(CC(=O)CC(C)C1CC(O)C2(C)C3C(=O)CC4C(C)(C)C(=O)CCC4(C)C3C(=O)CC12C)C(=O)O
198,1,1198,Ganolactone A,O=C1CC[C@@](O1)(C)[C@H]1CC(=O)[C@@]2([C@]1(C)CC(=O)C1=C2[C@@H](O)C[C@@H]2[C@]1(C)CCC(=O)C2(C)C)C,CC1(C2CC(=O)C3(C)C4=C(C(=O)CC23C)C2(C)CCC(=O)C(C)(C)C2CC4O)CCC(=O)O1
199,1,1199,Ganolactone B,O=C1CC[C@](O1)(C)[C@H]1CC(=O)[C@@]2([C@]1(C)CC(=O)C1=C2[C@@H](O)C[C@@H]2[C@]1(C)CC[C@@H](C2(C)C)O)C,CC1(C2CC(=O)C3(C)C4=C(C(=O)CC23C)C2(C)CCC(O)C(C)(C)C2CC4O)CCC(=O)O1
200,1,1200,Ganosporelactone A,CC1CC2(OC1=O)CC(C1C2C(=O)C2(C1(C)C(O)C(=O)C1=C2C(O)CC2C1(C)CCC(=O)C2(C)C)C)C,CC1CC2(CC(C)C3C2C(=O)C2(C)C4=C(C(=O)C(O)C32C)C2(C)CCC(=O)C(C)(C)C2CC4O)OC1=O
201,1,1201,Ganosporelactone B,CC1CC2(OC1=O)CC(C1C2C(=O)C2(C1(C)C(O)C(=O)C1=C2C(O)CC2C1(C)CCC(C2(C)C)O)C)C,CC1CC2(CC(C)C3C2C(=O)C2(C)C4=C(C(=O)C(O)C32C)C2(C)CCC(O)C(C)(C)C2CC4O)OC1=O
202,1,1202,Furanoganoderic acid,CC(C(=O)O)Cc1occc1C1CC(C2(C1(C)CC(=O)C1=C2C(=O)CC2C1(C)CCC(=O)C2(C)C)C)O,CC(Cc1occc1C1CC(O)C2(C)C3=C(C(=O)CC12C)C1(C)CCC(=O)C(C)(C)C1CC3=O)C(=O)O
203,1,1203,Epoxyganoderiol A,OC[C@]1(C)O[C@H]1CC[C@H]([C@H]1CC[C@@]2([C@]1(C)CCC1=C2[C@H](O)C[C@@H]2[C@]1(C)CCC(=O)C2(C)C)C)C,CC(CCC1OC1(C)CO)C1CCC2(C)C3=C(CCC12C)C1(C)CCC(=O)C(C)(C)C1CC3O
204,1,1204,Epoxyganoderiol B,OC[C@]1(C)O[C@H]1CC[C@H]([C@H]1CC[C@@]2([C@]1(C)CC=C1C2=CC[C@@H]2[C@]1(C)CCC(=O)C2(C)C)C)C,CC(CCC1OC1(C)CO)C1CCC2(C)C3=CCC4C(C)(C)C(=O)CCC4(C)C3=CCC12C
205,1,1205,Epoxyganoderiol C,OC[C@]1(C)O[C@H]1CC[C@H]([C@H]1CC[C@@]2([C@]1(C)CC=C1C2=CC[C@@H]2[C@]1(C)CC[C@@H](C2(C)C)O)C)C,CC(CCC1OC1(C)CO)C1CCC2(C)C3=CCC4C(C)(CCC(O)C4(C)C)C3=CCC12C
206,1,1206,Ganoderic aldehyde TR,O=C/C(=C\CC[C@H]([C@H]1C[C@@H]([C@@]2([C@]1(C)CC=C1C2=CC[C@@H]2[C@]1(C)CCC(=O)C2(C)C)C)O)C)/C,CC(C=O)=CCCC(C)C1CC(O)C2(C)C3=CCC4C(C)(C)C(=O)CCC4(C)C3=CCC12C
207,1,1207,"(3alpha,15alpha,22S,24E)-3,15,22-Tris(acetyloxy)lanosta-7,9(11),24-trien-26-amide",CC(=O)O[C@H]1C[C@@H]([C@@]2([C@]1(C)C1=CC[C@@H]3[C@](C1=CC2)(C)CC[C@H](C3(C)C)OC(=O)C)C)[C@@H]([C@@H](OC(=O)C)C/C=C(/C(=O)N)\C)C,CC(=O)OC(CC=C(C)C(N)=O)C(C)C1CC(OC(C)=O)C2(C)C3=CCC4C(C)(CCC(OC(C)=O)C4(C)C)C3=CCC12C
208,1,1208,Ganoderone A,OC/C(=C/CC[C@H]([C@H]1CC[C@@]2([C@]1(C)CCC1=C2C(=O)C[C@@H]2[C@]1(C)CCC(=O)C2(C)C)C)C)/C,CC(=CCCC(C)C1CCC2(C)C3=C(CCC12C)C1(C)CCC(=O)C(C)(C)C1CC3=O)CO
209,1,1209,Ganoderone C,OCC1(C)OC1CC[C@H]([C@H]1CC[C@@]2([C@]1(C)CCC1=C2C(=O)C[C@@H]2[C@]1(C)CCC(=O)C2(C)C)C)C,CC(CCC1OC1(C)CO)C1CCC2(C)C3=C(CCC12C)C1(C)CCC(=O)C(C)(C)C1CC3=O
210,1,1210,Lucidumol A,C[C@@H]([C@H]1CC[C@@]2([C@]1(C)CCC1=C2C(=O)C[C@@H]2[C@]1(C)CCC(=O)C2(C)C)C)CC[C@@H](C(O)(C)C)O,CC(CCC(O)C(C)(C)O)C1CCC2(C)C3=C(CCC12C)C1(C)CCC(=O)C(C)(C)C1CC3=O
211,1,1211,Lucidumol B,C[C@@H]([C@H]1CC[C@@]2([C@]1(C)CC=C1C2=CC[C@@H]2[C@]1(C)CC[C@@H](C2(C)C)O)C)CC[C@@H](C(O)(C)C)O,CC(CCC(O)C(C)(C)O)C1CCC2(C)C3=CCC4C(C)(CCC(O)C4(C)C)C3=CCC12C
212,1,1212,Malic acid,OC(=O)CC(C(=O)O)O,O=C(O)CC(O)C(=O)O
213,1,1213,Protocatechuic acid,OC(=O)c1ccc(c(c1)O)O,O=C(O)c1ccc(O)c(O)c1
214,1,1214,Gallic acid,OC(=O)c1cc(O)c(c(c1)O)O,O=C(O)c1cc(O)c(O)c(O)c1
215,1,1215,Kaempferol,Oc1ccc(cc1)c1oc2cc(O)cc(c2c(=O)c1O)O,O=c1c(O)c(-c2ccc(O)cc2)oc2cc(O)cc(O)c12
216,1,1216,Isoramnethin,COc1cc(ccc1O)c1oc2cc(O)cc(c2c(=O)c1O)O,COc1cc(-c2oc3cc(O)cc(O)c3c(=O)c2O)ccc1O
217,1,1217,Sinapic acid,COc1cc(/C=C/C(=O)O)cc(c1O)OC,COc1cc(C=CC(=O)O)cc(OC)c1O
218,1,1218,Shikimic acid,O[C@@H]1CC(=C[C@H]([C@H]1O)O)C(=O)O,O=C(O)C1=CC(O)C(O)C(O)C1
219,1,1219,Caffeic acid,OC(=O)/C=C/c1ccc(c(c1)O)O,O=C(O)C=Cc1ccc(O)c(O)c1
220,1,2001,Cordycepin,OC[C@@H]1C[C@H]([C@@H](O1)n1cnc2c1ncnc2N)O,Nc1ncnc2c1ncn2C1OC(CO)CC1O
221,1,2002,Adenosine,OC[C@H]1O[C@H]([C@@H]([C@@H]1O)O)n1cnc2c1ncnc2N,Nc1ncnc2c1ncn2C1OC(CO)C(O)C1O
222,1,2003,Cordycepic acid,OC[C@H]([C@H]([C@@H]([C@@H](CO)O)O)O)O,OCC(O)C(O)C(O)C(O)CO
223,1,2004,Beta-D-glucan,OC[C@H]1O[C@@H](O[C@@H]2[C@@H](CO)O[C@@H]([C@@H]([C@H]2O)O)O)[C@@H]([C@H]([C@@H]1O[C@@H]1O[C@H](CO)[C@H]([C@@H]([C@H]1O)O)O)O)O,OCC1OC(OC2C(CO)OC(OC3C(CO)OC(O)C(O)C3O)C(O)C2O)C(O)C(O)C1O
224,1,2005,Ophiocordin,Oc1ccc(cc1)C(=O)N[C@@H]1CNCCC[C@H]1OC(=O)c1cc(O)c(c(c1)O)C(=O)c1c(O)cccc1C(=O)O,O=C(NC1CNCCCC1OC(=O)c1cc(O)c(C(=O)c2c(O)cccc2C(=O)O)c(O)c1)c1ccc(O)cc1
225,1,2006,L-Tryptophan,OC(=O)[C@H](Cc1c[nH]c2c1cccc2)N,NC(Cc1c[nH]c2ccccc12)C(=O)O
226,1,2007,Cordyceamide A,CC(=O)OC[C@@H](NC(=O)[C@@H](NC(=O)c1ccccc1)Cc1ccc(cc1)O)Cc1ccccc1,CC(=O)OCC(Cc1ccccc1)NC(=O)C(Cc1ccc(O)cc1)NC(=O)c1ccccc1
227,1,2008,Cordyceamide B,CC(=O)OC[C@@H](NC(=O)[C@@H](NC(=O)c1ccccc1)Cc1ccc(cc1)O)Cc1ccc(cc1)O,CC(=O)OCC(Cc1ccc(O)cc1)NC(=O)C(Cc1ccc(O)cc1)NC(=O)c1ccccc1
228,1,2009,H1-A,O[C@H]1CC[C@]2(C(=CC(=O)C3=C4[C@@](CC[C@H]23)(C)[C@H](CC4)[C@@H](/C=C/[C@@H](C(C)C)C)C)C1)C,CC(C)C(C)C=CC(C)C1CCC2=C3C(=O)C=C4CC(O)CCC4(C)C3CCC21C
229,1,2010,cordycedipeptide A,CC[C@@H]([C@@H]1NC(=O)[C@@H](NC1=O)CC(=O)N)C,CCC(C)C1NC(=O)C(CC(N)=O)NC1=O
230,1,2011,"ergosteryl-3-
O-beta-D-glucopyranoside",OC[C@H]1O[C@@H](O[C@H]2CC[C@]3(C(=CC=C4[C@@H]3CC[C@]3([C@H]4CC[C@@H]3[C@@H](/C=C/[C@@H](C(C)C)C)C)C)C2)C)[C@@H]([C@H]([C@@H]1O)O)O,CC(C)C(C)C=CC(C)C1CCC2C3=CC=C4CC(OC5OC(CO)C(O)C(O)C5O)CCC4(C)C3CCC21C
231,1,2012,"22,23-dihydroergosteryl-3-
O-beta-D-glucopyranoside",OC[C@H]1O[C@@H](O[C@H]2CC[C@]3(C(=CC=C4[C@@H]3CC[C@]3([C@H]4CC[C@@H]3[C@@H](CC[C@@H](C(C)C)C)C)C)C2)C)[C@@H]([C@H]([C@@H]1O)O)O,CC(C)C(C)CCC(C)C1CCC2C3=CC=C4CC(OC5OC(CO)C(O)C(O)C5O)CCC4(C)C3CCC21C
232,1,2013,"5alpha,8alpha-epidioxy-24(R)-methylcholesta-6,22-dien-3beta-D-glucopyranoside",OC[C@H]1O[C@@H](O[C@H]2CC[C@]3([C@@]4(C2)OO[C@@]2([C@@H]3CC[C@]3([C@H]2CC[C@@H]3[C@@H](/C=C/[C@@H](C(C)C)C)C)C)C=C4)C)[C@@H]([C@H]([C@@H]1O)O)O,CC(C)C(C)C=CC(C)C1CCC2C1(C)CCC1C23C=CC2(CC(OC4OC(CO)C(O)C(O)C4O)CCC12C)OO3
233,1,2014,"5,6-Epoxyergosterol",O[C@H]1CC[C@]2([C@@]3(C1)O[C@H]3C=C1[C@@H]2CC[C@]2([C@H]1CC[C@@H]2[C@@H](/C=C/[C@@H](C(C)C)C)C)C)C,CC(C)C(C)C=CC(C)C1CCC2C3=CC4OC45CC(O)CCC5(C)C3CCC21C
234,1,2015,Cordysinin A,CC(C[C@@H]1NC(=O)[C@H]2N(C1=O)[C@H](O)CC2)C,CC(C)CC1NC(=O)C2CCC(O)N2C1=O
235,1,2016,Cordysinin B,CO[C@@H]1[C@H](O)[C@H](O[C@H]1n1cnc2c1ncnc2N)CO,COC1C(O)C(CO)OC1n1cnc2c(N)ncnc21
236,1,2017,Cordysinin C,C[C@H](c1nccc2c1[nH]c1c2cccc1)O,CC(O)c1nccc2c1[nH]c1ccccc12
237,1,2018,Cordysinin D,C[C@@H](c1nccc2c1[nH]c1c2cccc1)O,CC(O)c1nccc2c1[nH]c1ccccc12
238,1,2019,Cordysinin E,OC[C@@H](Cc1nccc2c1[nH]c1c2cccc1)O,OCC(O)Cc1nccc2c1[nH]c1ccccc12
239,1,2020,"(3beta,​22E)​-​ergosta-​5,​7,​22-​trien-​3-​yl, tetraacetate-beta-​D-​Glucopyranoside",CC(=O)OC[C@H]1O[C@@H](O[C@H]2CC[C@]3(C(=CC=C4[C@@H]3CC[C@]3([C@H]4CC[C@@H]3[C@@H](/C=C/[C@@H](C(C)C)C)C)C)C2)C)[C@@H]([C@H]([C@@H]1OC(=O)C)OC(=O)C)OC(=O)C,CC(=O)OCC1OC(OC2CCC3(C)C(=CC=C4C3CCC3(C)C4CCC3C(C)C=CC(C)C(C)C)C2)C(OC(C)=O)C(OC(C)=O)C1OC(C)=O
240,1,2021,Epicococin E,O=C1C[C@H]2S[C@@]34C[C@@H]1[C@@H]([C@H]2O)N3C(=O)[C@]12N(C4=O)[C@@H]3[C@@H](O)[C@H]([C@H](S1)C(=O)[C@@H]3C2)O,O=C1CC2SC34CC1C(C2O)N3C(=O)C12CC3C(=O)C(S1)C(O)C(O)C3N2C4=O
241,1,2022,Epicococin F,O[C@@H]1C[C@H]2S[C@@]34C[C@@H]1[C@@H]([C@H]2O)N3C(=O)C12N(C4=O)[C@@H]3[C@@H](O)[C@H](SS1)CC(=O)[C@@H]3C2,O=C1CC2SSC34CC1C(C2O)N3C(=O)C12CC3C(O)CC(S1)C(O)C3N2C4=O
242,1,2023,Epicococin G,CS[C@@]12C[C@@H]3[C@H](N1C(=O)[C@]1(N(C2=O)[C@@H]2[C@@H](O)CCC(=O)[C@@H]2C1)SC)[C@@H](O)CCC3=O,CSC12CC3C(=O)CCC(O)C3N1C(=O)C1(SC)CC3C(=O)CCC(O)C3N1C2=O
243,1,2024,Epicococin H,CS[C@@]12C[C@@H]3[C@H](N1C(=O)[C@]1(N(C2=O)[C@H]2[C@@H](C1)C(=O)C[C@@H]([C@@H]2O)O)SC)[C@@H](O)[C@H](CC3=O)O,CSC12CC3C(=O)CC(O)C(O)C3N1C(=O)C1(SC)CC3C(=O)CC(O)C(O)C3N1C2=O
244,1,2025,diphenylalazine A,O=C1N[C@@H](Cc2ccccc2)C(=O)N(/C/1=C\c1ccccc1)C,CN1C(=O)C(Cc2ccccc2)NC(=O)C1=Cc1ccccc1
245,1,2026,diphenylalazine B,Oc1ccc(cc1)/C=C\1/C(=O)N[C@H](C(=O)N1C)Cc1ccccc1,CN1C(=O)C(Cc2ccccc2)NC(=O)C1=Cc1ccc(O)cc1
246,1,2027,Epicococin A,O=C1C[C@H]2S[C@@]34C[C@@H]1[C@@H]([C@H]2O)N3C(=O)[C@]12N(C4=O)[C@@H]3[C@@H](O)[C@H](SS1)CC(=O)[C@@H]3C2,O=C1CC2SSC34CC1C(C2O)N3C(=O)C12CC3C(=O)CC(S1)C(O)C3N2C4=O
247,1,2028,Epicococin B,O=C1C[C@@H]2SS[C@@]34C[C@@H]1[C@@H]([C@H]2O)N3C(=O)[C@]12N(C4=O)[C@@H]3[C@@H](O)[C@H]([C@@H](S1)C(=O)[C@@H]3C2)O,O=C1CC2SSC34CC1C(C2O)N3C(=O)C12CC3C(=O)C(S1)C(O)C(O)C3N2C4=O
248,1,2029,Epicococin C,O=C1C[C@H]2SSC34C[C@@H]1[C@@H]([C@H]2O)N3C(=O)C12N(C4=O)[C@H]3[C@@H](C2)C(=O)C[C@H]([C@@H]3O)SS1,O=C1CC2SSC34CC1C(C2O)N3C(=O)C12CC3C(=O)CC(SS1)C(O)C3N2C4=O
249,1,2030,Epicococin D,O=C1C[C@H]2S[C@@]34C[C@@H]1[C@@H]([C@H]2O)N3C(=O)[C@]12N(C4=O)[C@H]3[C@@H](C2)C(=O)C[C@@H](S1)[C@@H]3O,O=C1CC2SC34CC1C(C2O)N3C(=O)C12CC3C(=O)CC(S1)C(O)C3N2C4=O
250,1,2031,Hydroxyamine,NO,NO
251,1,2032,Glycerin,OCC(CO)O,OCC(O)CO
252,1,2033,Adipamide,NC(=O)CCCCC(=O)N,NC(=O)CCCCC(N)=O
253,1,2034,"1,2,3-Benzenetriol",Oc1c(O)cccc1O,Oc1cccc(O)c1O
254,1,2035,Cyclododecane,C1CCCCCCCCCCC1,C1CCCCCCCCCCC1
255,1,2036,imidazole-5-carboxylic acid,OC(=O)c1cnc[nH]1,O=C(O)c1cnc[nH]1
256,1,2037,"1,3,5-Benzenetriol",Oc1cc(O)cc(c1)O,Oc1cc(O)cc(O)c1
257,1,2038,"1,3-cyclohexanaedione, 2-propyl",CCCC1C(=O)CCCC1=O,CCCC1C(=O)CCCC1=O
258,1,2039,"2-propenoic cid, tridecyl ester",CCCCCCCCCCCCCOC(=O)C=C,C=CC(=O)OCCCCCCCCCCCCC
259,1,2040,n-decanoic acid,CCCCCCCCCC(=O)O,CCCCCCCCCC(=O)O
260,1,2041,"5-Undecene, 9-metyl",CCCC/C=C\CC[C@H](CC)C,CCCCC=CCCC(C)CC
261,1,2042,"L-Omithine, N5-(aminocarbonyl)",NC(=O)NCCC[C@@H](C(=O)O)N,NC(=O)NCCCC(N)C(=O)O
262,1,2043,"Hexahydropyrrolo[1,2a]pyrazine-1,4-dione",O=C1CNC(=O)[C@H]2N1CCC2,O=C1NCC(=O)N2CCCC12
263,1,22001,Caffeic acid hexoside,O=C(/C=C/c1ccc(c(c1)O)O)OC[C@H]1O[C@H](O)[C@@H]([C@@H]([C@H]1O)O)O,O=C(C=Cc1ccc(O)c(O)c1)OCC1OC(O)C(O)C(O)C1O
264,1,22002,Citric acid,OC(=O)C(CC(=O)O)(CC(=O)O)O,O=C(O)CC(O)(CC(=O)O)C(=O)O
265,1,22003,p-hydroxybenzoic acid,Oc1ccc(cc1)C(=O)O,O=C(O)c1ccc(O)cc1
266,1,22004,Protocatechuic acid hexoside,OC[C@H]1O[C@@H](Oc2cc(ccc2O)C(=O)O)[C@@H]([C@H]([C@@H]1O)O)O,O=C(O)c1ccc(O)c(OC2OC(CO)C(O)C(O)C2O)c1
267,1,22005,Sinapic acid hexoside,COc1cc(/C=C/C(=O)O)cc(c1OC[C@H]1O[C@H](O)[C@@H]([C@H]([C@@H]1O)O)O)OC,COc1cc(C=CC(=O)O)cc(OC)c1OCC1OC(O)C(O)C(O)C1O
268,1,22006,Chlorogenic acid,O=C(O[C@@H]1C[C@@](O)(C[C@H]([C@H]1O)O)C(=O)O)/C=C/c1ccc(c(c1)O)O,O=C(C=Cc1ccc(O)c(O)c1)OC1CC(O)(C(=O)O)CC(O)C1O
269,1,22007,p-Coumaric acid,OC(=O)/C=C/c1ccc(cc1)O,O=C(O)C=Cc1ccc(O)cc1
270,1,22008,Gentisic acid,Oc1ccc(c(c1)C(=O)O)O,O=C(O)c1cc(O)ccc1O
271,1,22009,Homogentisic acid,OC(=O)Cc1cc(O)ccc1O,O=C(O)Cc1cc(O)ccc1O
272,1,22010,Myricetin,Oc1cc(O)c2c(c1)oc(c(c2=O)O)c1cc(O)c(c(c1)O)O,O=c1c(O)c(-c2cc(O)c(O)c(O)c2)oc2cc(O)cc(O)c12
273,1,22011,Ascorbic acid,OC[C@H]([C@@H]1OC(=O)C(=C1O)O)O,O=C1OC(C(O)CO)C(O)=C1O
274,1,22012,Oxalic acid,OC(=O)C(=O)O,O=C(O)C(=O)O
275,1,22013,Succinic acid,OC(=O)CCC(=O)O,O=C(O)CCC(=O)O
276,1,22014,Fumaric acid,OC(=O)/C=C\C(=O)O,O=C(O)C=CC(=O)O
277,1,22015,alpha-Tocopherol,C[C@@H](CCC[C@]1(C)CCc2c(O1)c(C)c(c(c2C)O)C)CCC[C@@H](CCCC(C)C)C,Cc1c(C)c2c(c(C)c1O)CCC(C)(CCCC(C)CCCC(C)CCCC(C)C)O2
278,1,22016,beta-Tocopherol,C[C@H](CCC[C@@H](CCCC(C)C)C)CCC[C@]1(C)CCc2c(O1)c(C)cc(c2C)O,Cc1cc(O)c(C)c2c1OC(C)(CCCC(C)CCCC(C)CCCC(C)C)CC2
279,1,22017,gamma-Tocopherol,C[C@H](CCC[C@@H](CCCC(C)C)C)CCC[C@]1(C)CCc2c(O1)c(C)c(c(c2)O)C,Cc1c(O)cc2c(c1C)OC(C)(CCCC(C)CCCC(C)CCCC(C)C)CC2
280,1,22018,beta-carotene,C/C(=C\C=C\C=C(\C=C\C=C(\C=C\C1=C(C)CCCC1(C)C)/C)/C)/C=C/C=C(/C=C/C1=C(C)CCCC1(C)C)\C,CC(C=CC=C(C)C=CC1=C(C)CCCC1(C)C)=CC=CC=C(C)C=CC=C(C)C=CC1=C(C)CCCC1(C)C
281,1,22019,Lycopene,C/C(=C\C=C\C=C(\C=C\C=C(\C=C\C=C(\CCC=C(C)C)/C)/C)/C)/C=C/C=C(/C=C/C=C(/CCC=C(C)C)\C)\C,CC(C)=CCCC(C)=CC=CC(C)=CC=CC(C)=CC=CC=C(C)C=CC=C(C)C=CC=C(C)CCC=C(C)C
282,1,22020,trimethylamine,CN(C)C,CN(C)C
283,1,22021,3-methylbutanal,O=CCC(C)C,CC(C)CC=O
284,1,22022,Hexanal,CCCCCC=O,CCCCCC=O
285,1,22023,Heptanal,CCCCCCC=O,CCCCCCC=O
286,1,22024,Octanal,CCCCCCCC=O,CCCCCCCC=O
287,1,22025,1-octen-3-one,CCCCCC(=O)C=C,C=CC(=O)CCCCC
288,1,22026,"2,5-dimethylpyrazine",Cc1ncc(nc1)C,Cc1cnc(C)cn1
289,1,22027,"2,6-dimethylpyrazine",Cc1cncc(n1)C,Cc1cncc(C)n1
290,1,22028," 2,3-dimethylpyrazine",Cc1nccnc1C,Cc1nccnc1C
291,1,22029,1-hepten-3-ol,CCCC[C@@H](C=C)O,C=CC(O)CCCC
292,1,22030,2-ethyl-6-methylpyrazine,CCc1cncc(n1)C,CCc1cncc(C)n1
293,1,22031,trimethylpyrazine,Cc1cnc(c(n1)C)C,Cc1cnc(C)c(C)n1
294,1,22032,"(E,E)-2,4-hexadienal",C/C=C/C=C/C=O,CC=CC=CC=O
295,1,22033,(E)-2-octenal,CCCCC/C=C/C=O,CCCCCC=CC=O
296,1,22034,1-octen-3-ol,CCCCC[C@@H](C=C)O,C=CC(O)CCCCC
297,1,22035," 2-ethyl-3,6-dimethylpyrazine",CCc1nc(C)cnc1C,CCc1nc(C)cnc1C
298,1,22036,3-(methylthio)propanal,CSCCC=O,CSCCC=O
299,1,22037,"2-ethyl-3,5-dimethylpyrazine",CCc1ncc(nc1C)C,CCc1ncc(C)nc1C
300,1,22038,acetic acid,CC(=O)O,CC(=O)O
301,1,22039,"2,3-diethyl-5-methylpyrazine",CCc1nc(C)cnc1CC,CCc1ncc(C)nc1CC
302,1,22040,(E)-2-nonenal,CCCCCC/C=C/C=O,CCCCCCC=CC=O
303,1,22041,propanoic acid,CCC(=O)O,CCC(=O)O
304,1,22042,linalool,C=C[C@@](CCC=C(C)C)(O)C,C=CC(C)(O)CCC=C(C)C
305,1,22043,1-octanol,CCCCCCCCO,CCCCCCCCO
306,1,22044,2-methylpropanoic acid,CC(C(=O)O)C,CC(C)C(=O)O
307,1,22045,2-undecanone,CCCCCCCCCC(=O)C,CCCCCCCCCC(C)=O
308,1,22046,(E)-2-octen-1-ol,CCCCC/C=C/CO,CCCCCC=CCO
309,1,22047,butanoic acid,CCCC(=O)O,CCCC(=O)O
310,1,22048,phenylacetaldehyde,O=CCc1ccccc1,O=CCc1ccccc1
311,1,22049,estragole,COc1ccc(cc1)CC=C,C=CCc1ccc(OC)cc1
312,1,22050,3-methylbutanoic acid,CC(CC(=O)O)C,CC(C)CC(=O)O
313,1,22051,"(E,E)-2,4-nonadienal",CCCC/C=C/C=C/C=O,CCCCC=CC=CC=O
314,1,22052,3-(methylthio)-1-propanol,CSCCCO,CSCCCO
315,1,22053,2-isopropoxyphenol,CC(Oc1ccccc1O)C,CC(C)Oc1ccccc1O
316,1,22054,"(E,E)-2,4-decadienal",CCCCC/C=C/C=C/C=O,CCCCCC=CC=CC=O
317,1,22055,hexanoic acid,CCCCCC(=O)O,CCCCCC(=O)O
318,1,22056,2-methoxyphenol,COc1ccccc1O,COc1ccccc1O
319,1,22057,2-methoxy-4-methylphenol,COc1cc(C)ccc1O,COc1cc(C)ccc1O
320,1,22058,2-methoxy-4-ethylphenol,CCc1ccc(c(c1)OC)O,CCc1ccc(O)c(OC)c1
321,1,22059,"4-hydroxy-2,5-dimethyl-3(2H)-furanone",C[C@H]1OC(=C(C1=O)O)C,CC1=C(O)C(=O)C(C)O1
322,1,22060,3-methylphenol,Cc1cccc(c1)O,Cc1cccc(O)c1
323,1,22061,2-methoxy-4-propylphenol,CCCc1ccc(c(c1)OC)O,CCCc1ccc(O)c(OC)c1
324,1,22062,3-ethylphenol,CCc1cccc(c1)O,CCc1cccc(O)c1
325,1,22063,"2,6-dimethoxyphenol",COc1cccc(c1O)OC,COc1cccc(OC)c1O
326,1,22064,3-methylindole,Cc1c[nH]c2c1cccc2,Cc1c[nH]c2ccccc12
327,1,22065,Palmitic acid,CCCCCCCCCCCCCCCC(=O)O,CCCCCCCCCCCCCCCC(=O)O
328,1,22066,Stearic acid,CCCCCCCCCCCCCCCCCC(=O)O,CCCCCCCCCCCCCCCCCC(=O)O
329,1,22067,Oleic acid,CCCCCCCC/C=C\CCCCCCCC(=O)O,CCCCCCCCC=CCCCCCCCC(=O)O
330,1,22068,Linoleic acid,CCCCC/C=C\C/C=C\CCCCCCCC(=O)O,CCCCCC=CCC=CCCCCCCCC(=O)O
331,1,22069,alpha-Linolenic acid,CC/C=C\C/C=C\C/C=C\CCCCCCCC(=O)O,CCC=CCC=CCC=CCCCCCCCC(=O)O
332,1,3001,Schizophyllan,OC[C@H]1O[C@@H](O)[C@@H]([C@H]([C@@H]1O)O[C@@H]1O[C@H](CO[C@@H]2O[C@H](CO)[C@H]([C@@H]([C@H]2O)O)O)[C@H]([C@@H]([C@H]1O)O[C@@H]1O[C@H](CO)[C@H]([C@@H]([C@H]1O)O)O)O)O,OCC1OC(OCC2OC(OC3C(O)C(O)OC(CO)C3O)C(O)C(OC3OC(CO)C(O)C(O)C3O)C2O)C(O)C(O)C1O
333,1,3002,Chlorpyrifos,CCOP(=S)(Oc1nc(Cl)c(cc1Cl)Cl)OCC,CCOP(=S)(OCC)Oc1nc(Cl)c(Cl)cc1Cl
334,1,3003,Mevastatin,CC[C@@H](C(=O)O[C@H]1CCC=C2[C@H]1[C@@H](CC[C@@H]1C[C@@H](O)CC(=O)O1)[C@H](C=C2)C)C,CCC(C)C(=O)OC1CCC=C2C=CC(C)C(CCC3CC(O)CC(=O)O3)C21
335,1,3004,Phenol,Oc1ccccc1,Oc1ccccc1
336,1,3005,"Benzo [1,2,5] thiadiazole, 4-bromo-7-(4-methylpiperazine)",CN1CCN(CC1)S(=O)(=O)c1ccc(c2c1nsn2)Br,CN1CCN(S(=O)(=O)c2ccc(Br)c3nsnc23)CC1
337,1,3006,"1,2-Benzenediol",Oc1ccccc1O,Oc1ccccc1O
338,1,3007,"D,L-Mevalonic acid lactone",O=C1OCC[C@@](C1)(O)C([2H])([2H])[2H],[H]C([H])([H])C1(O)CCOC(=O)C1
339,1,3008,Indole,c1ccc2c(c1)[nH]cc2,c1ccc2[nH]ccc2c1
340,1,3009,N-Acetylindole,CC(=O)n1ccc2c1cccc2,CC(=O)n1ccc2ccccc21
341,1,3010,5H-1-Pyrindine,c1cnc2c(c1)CCC2,c1cnc2c(c1)CCC2
342,1,3011,Benzaldehyde,O=Cc1ccccc1,O=Cc1ccccc1
343,1,3012,Formyl glutamine,N/C=N/[C@H](C(=O)O)CCC(=O)O,NC=NC(CCC(=O)O)C(=O)O
344,1,3013,4-Methylproline,C[C@H]1C[C@@H](NC1)C(=O)O,CC1CNC(C(=O)O)C1
345,1,3014,Niacinamide,NC(=O)c1cccnc1,NC(=O)c1cccnc1
346,1,3015,4-Pyridinecarboxamide,NC(=O)c1ccncc1,NC(=O)c1ccncc1
347,1,3016,4-Hydroxyphenethyl alcohol,OCCc1ccc(cc1)O,OCCc1ccc(O)cc1
348,1,3017,"Phenol, 2,6-bis (1,1-dimethylethyl)",CCC(c1cccc(c1O)C(CC)C)C,CCC(C)c1cccc(C(C)CC)c1O
349,1,3018,Ethyl citrate,CCOC(=O)C(CC(=O)OCC)(CC(=O)OCC)O,CCOC(=O)CC(O)(CC(=O)OCC)C(=O)OCC
350,1,3019,Tridecanoic acid,CCCCCCCCCCCCC(=O)O,CCCCCCCCCCCCC(=O)O
351,1,3020,Linoelaidic acid,CCCCCC=CCC=CCCCCCCCC(=O)O,CCCCCC=CCC=CCCCCCCCC(=O)O
352,1,3021,"Decanedioic acid, bis (2-ethylhexyl) ester",CCCCC(COC(=O)CCCCCCCCC(=O)OCC(CCCC)CC)CC,CCCCC(CC)COC(=O)CCCCCCCCC(=O)OCC(CC)CCCC
353,1,3022,"1,2,4-Trimethylbenzene",Cc1ccc(c(c1)C)C,Cc1ccc(C)c(C)c1
354,1,3023,"1,2-Dimethylbenzene",Cc1ccccc1C,Cc1ccccc1C
355,1,3024,"1,4-Dimethyl-2-ethylbenzene",CCc1cc(C)ccc1C,CCc1cc(C)ccc1C
356,1,3025,"Benzene, 1,2,4,5-tetramethyl",Cc1cc(C)c(cc1C)C,Cc1cc(C)c(C)cc1C
357,1,3026,"1,3,8-p-Menthatrine",CC1=CC=C(CC1)C(=C)C,C=C(C)C1=CC=C(C)CC1
358,1,3027,Azulene,c1ccc2c(cc1)ccc2,c1ccc2cccc-2cc1
359,1,3028,Naphthalene,c1ccc2c(c1)cccc2,c1ccc2ccccc2c1
360,1,3029,Undecane,CCCCCCCCCCC,CCCCCCCCCCC
361,1,3030,"Octane, 2-methyl",CCCCCCC(C)C,CCCCCCC(C)C
362,1,3031,Tridecane,CCCCCCCCCCCCC,CCCCCCCCCCCCC
363,1,3032,"Phenol, 2-ethyl",CCc1ccccc1O,CCc1ccccc1O
364,1,3033,"Pentadecanoic acid, methyl ester",CCCCCCCCCCCCCCC(=O)OC,CCCCCCCCCCCCCCC(=O)OC
365,1,3034,Methyl 9-methyltetradecanoate,CCCCC[C@H](CCCCCCCC(=O)OC)C,CCCCCC(C)CCCCCCCC(=O)OC
366,1,3035,1-Octadecane,CCCCCCCCCCCCCCCCC=C,C=CCCCCCCCCCCCCCCCC
367,1,3036,"Hexadecanoic acid, methyl ester",CCCCCCCCCCCCCCCC(=O)OC,CCCCCCCCCCCCCCCC(=O)OC
368,1,3037,Cycloeicosane,C1CCCCCCCCCCCCCCCCCCC1,C1CCCCCCCCCCCCCCCCCCC1
369,1,3038,Linoleic acid ethyl ester,CCCCC/C=C\C/C=C\CCCCCCCC(=O)OCC,CCCCCC=CCC=CCCCCCCCC(=O)OCC
370,1,3039,Dodecanamide,CCCCCCCCCCCC(=O)N,CCCCCCCCCCCC(N)=O
371,1,3040,Hexadecanamide,CCCCCCCCCCCCCCCC(=O)N,CCCCCCCCCCCCCCCC(N)=O
372,1,3041,9-Octadecanamide,CCCCCCCC/C=C\CCCCCCCC(=O)N,CCCCCCCCC=CCCCCCCCC(N)=O
373,1,3042,"Benzene, 1,2,3-trimethyl",Cc1c(C)cccc1C,Cc1cccc(C)c1C
374,1,4001,Hericenone A,COc1cc2C(=O)OCc2c(c1C/C=C(/CC(=O)C=C(C)C)\C)O,COc1cc2c(c(O)c1CC=C(C)CC(=O)C=C(C)C)COC2=O
375,1,4002,Hericenone B,COc1cc2C(=O)N(Cc2c(c1C/C=C(/CC(=O)C=C(C)C)\C)O)CCc1ccccc1,COc1cc2c(c(O)c1CC=C(C)CC(=O)C=C(C)C)CN(CCc1ccccc1)C2=O
376,1,4003,Hericenone C,CCCCCCCCCCCCCCCC(=O)OCc1cc(OC)c(c(c1C=O)O)C/C=C(/CC(=O)C=C(C)C)\C,CCCCCCCCCCCCCCCC(=O)OCc1cc(OC)c(CC=C(C)CC(=O)C=C(C)C)c(O)c1C=O
377,1,4004,Hericenone D,CCCCCCCCCCCCCCCCCC(=O)OCc1cc(OC)c(c(c1C=O)O)C/C=C(/CC(=O)C=C(C)C)\C,CCCCCCCCCCCCCCCCCC(=O)OCc1cc(OC)c(CC=C(C)CC(=O)C=C(C)C)c(O)c1C=O
378,1,4005,Hericenone E,CCCCC/C=C/C/C=C/CCCCCCCC(=O)OCc1cc(OC)c(c(c1C=O)O)C/C=C(/CC(=O)C=C(C)C)\C,CCCCCC=CCC=CCCCCCCCC(=O)OCc1cc(OC)c(CC=C(C)CC(=O)C=C(C)C)c(O)c1C=O
379,1,4006,Hericenone F,CCCCCCCCCCCCCCCC(=O)OCc1cc(OC)c2c(c1C=O)OC(CC2)(C)CC(=O)C=C(C)C,CCCCCCCCCCCCCCCC(=O)OCc1cc(OC)c2c(c1C=O)OC(C)(CC(=O)C=C(C)C)CC2
380,1,4007,Hericenone G,CCCCCCCCCCCCCCCCCC(=O)OCc1cc(OC)c2c(c1C=O)OC(CC2)(C)CC(=O)C=C(C)C,CCCCCCCCCCCCCCCCCC(=O)OCc1cc(OC)c2c(c1C=O)OC(C)(CC(=O)C=C(C)C)CC2
381,1,4008,Hericenone H,CCCCC/C=C/C/C=C/CCCCCCCC(=O)OCc1cc(OC)c2c(c1C=O)OC(CC2)(C)CC(=O)C=C(C)C,CCCCCC=CCC=CCCCCCCCC(=O)OCc1cc(OC)c2c(c1C=O)OC(C)(CC(=O)C=C(C)C)CC2
382,1,4009,Hericene A,CCCCCCCCCCCCCCCC(=O)OCc1cc(OC)c(c(c1C=O)O)C/C=C(/CCC=C(C)C)\C,CCCCCCCCCCCCCCCC(=O)OCc1cc(OC)c(CC=C(C)CCC=C(C)C)c(O)c1C=O
383,1,4010,Hericene B,CCCCCCCC/C=C\CCCCCCCC(=O)OCc1cc(OC)c(c(c1C=O)O)C/C=C(/CCC=C(C)C)\C,CCCCCCCCC=CCCCCCCCC(=O)OCc1cc(OC)c(CC=C(C)CCC=C(C)C)c(O)c1C=O
384,1,4011,Hericene C,CCCCCCCCCCCCCCCCCC(=O)OCc1cc(OC)c(c(c1C=O)O)C/C=C(/CCC=C(C)C)\C,CCCCCCCCCCCCCCCCCC(=O)OCc1cc(OC)c(CC=C(C)CCC=C(C)C)c(O)c1C=O
385,1,4012,Hericerin A,OCCN1Cc2c(C1=O)cc(c(c2O)C/C=C(/CCC=C(C)C)\C)OC,COc1cc2c(c(O)c1CC=C(C)CCC=C(C)C)CN(CCO)C2=O
386,1,4013,Erinacerin A,COc1cc2C(=O)N(Cc2c2c1CC[C@@](O2)(C)CC(=O)C=C(C)C)CCc1ccccc1,COc1cc2c(c3c1CCC(C)(CC(=O)C=C(C)C)O3)CN(CCc1ccccc1)C2=O
387,1,4014,Erinacerin B,COc1cc2C(=O)OCc2c(c1C/C=C(/C[C@@H](C=C(C)C)O)\C)O,COc1cc2c(c(O)c1CC=C(C)CC(O)C=C(C)C)COC2=O
388,1,4015,3-Hydroxyhericenone F,CCCCCCCCCCCCCCCC(=O)OCc1cc(OC)c2c(c1C=O)O[C@@]([C@H](C2)O)(C)CC(=O)C=C(C)C,CCCCCCCCCCCCCCCC(=O)OCc1cc(OC)c2c(c1C=O)OC(C)(CC(=O)C=C(C)C)C(O)C2
389,1,4016,Hericenone I,COc1cc2C(=O)OCc2c2c1CCC(O2)(C)CC(=O)C=C(C)C,COc1cc2c(c3c1CCC(C)(CC(=O)C=C(C)C)O3)COC2=O
390,1,4017,Hericenone J,COc1cc2COC(=O)c2c(c1C/C=C(/CCC=C(C)C)\C)O,COc1cc2c(c(O)c1CC=C(C)CCC=C(C)C)C(=O)OC2
391,1,4018,Erinacine A,O=CC1=CCC2C(C3C1OC1C(O3)OCC(C1O)O)(C)CCC1(C2=C(CC1)C(C)C)C,CC(C)C1=C2C3CC=C(C=O)C4OC5C(OCC(O)C5O)OC4C3(C)CCC2(C)CC1
392,1,4019,Erinacine B,O=CC1=CC[C@H]2[C@@]([C@@H]3[C@@H]1O[C@H]1C(O3)OC[C@H]([C@@H]1O)O)(C)CC[C@@]1(C2=C(CC1)C(C)C)C,CC(C)C1=C2C3CC=C(C=O)C4OC5C(OCC(O)C5O)OC4C3(C)CCC2(C)CC1
393,1,4020,Erinacine C,OCC1=CC[C@H]2[C@@]([C@@H]3[C@@H]1O[C@H]1[C@H](O3)OC[C@H]([C@@H]1O)O)(C)CC[C@@]1(C2=C(CC1)C(C)C)C,CC(C)C1=C2C3CC=C(CO)C4OC5C(OCC(O)C5O)OC4C3(C)CCC2(C)CC1
394,1,4021,Erinacine D,CCOC1CC2C3=C(CCC3(C)CCC2(C(C=C1C=O)OC1OCC(C(C1O)O)O)C)C(C)C,CCOC1CC2C3=C(C(C)C)CCC3(C)CCC2(C)C(OC2OCC(O)C(O)C2O)C=C1C=O
395,1,4022,Erinacine E,CC(C1=C2[C@H]3CC=C4[C@@H]5[C@@H]([C@]3(C)CC[C@]2(CC1)C)O[C@H]1[C@]5(O)[C@H]([C@]([C@@H]4O)(O)CO1)O)C,CC(C)C1=C2C3CC=C4C(O)C5(O)COC6OC(C4C6(O)C5O)C3(C)CCC2(C)CC1
396,1,4023,Erinacine F,CC(C1=C2[C@H]3CC=C4[C@@H]5[C@@H]([C@]3(C)CC[C@]2(CC1)C)O[C@@H]1[C@@]5(O)[C@@H]([C@@]([C@H]4O)(O)CO1)O)C,CC(C)C1=C2C3CC=C4C(O)C5(O)COC6OC(C4C6(O)C5O)C3(C)CCC2(C)CC1
397,1,4024,Erinacine G,CC(C(=O)CC[C@]1(C)CC[C@@]2([C@@H](C1=O)CC=C1[C@@H]3[C@@H]2O[C@H]2[C@]3(O)[C@H]([C@@]([C@@H]1O)(CO2)O)O)C)C,CC(C)C(=O)CCC1(C)CCC2(C)C(CC=C3C(O)C4(O)COC5OC2C3C5(O)C4O)C1=O
398,1,4025,Erinacine H,O[C@H]1[C@H](O)CO[C@H]([C@@H]1O)O[C@H]1CC(=CC=C2[C@@]1(C)CC[C@@]1(C2=C(CC1)C(C)C)C)C(=O)O,CC(C)C1=C2C3=CC=C(C(=O)O)CC(OC4OCC(O)C(O)C4O)C3(C)CCC2(C)CC1
399,1,4026,Erinacine I,CC(=O)OCC1=C[C@]2(O[C@@H]1C[C@H]1[C@@]2(C)CC[C@@]2(C1=C(CC2)C(C)C)C)O,CC(=O)OCC1=CC2(O)OC1CC1C3=C(C(C)C)CCC3(C)CCC12C
400,1,4027,Erinacine P,O=CC1=C[C@H](O[C@@H]2OC[C@H]([C@@H]([C@H]2O)O)O)[C@]2([C@H](C[C@H]1OC(=O)C)C1=C(CC[C@@]1(CC2)C)C(C)C)C,CC(=O)OC1CC2C3=C(C(C)C)CCC3(C)CCC2(C)C(OC2OCC(O)C(O)C2O)C=C1C=O
401,1,4028,Erinacine Q,OCC1=C[C@H](O[C@@H]2OC[C@H]([C@@H]([C@H]2O)O)O)[C@]2([C@H](C[C@H]1OC(=O)C)C1=C(CC[C@@]1(CC2)C)C(C)C)C,CC(=O)OC1CC2C3=C(C(C)C)CCC3(C)CCC2(C)C(OC2OCC(O)C(O)C2O)C=C1CO
402,1,4029,Erinacine J,O=C(C(C)C)CC[C@]1(C)CC[C@@]2([C@@H](C1=O)CC[C@H]1[C@@H]3[C@@H]2O[C@H]2[C@]3(O)[C@@H](O[C@@H]1O)[C@@H](CO2)O)C,CC(C)C(=O)CCC1(C)CCC2(C)C(CCC3C(O)OC4C(O)COC5OC2C3C54O)C1=O
403,1,4030,Erinacine K,CC(=O)OCC1=C[C@H](O[C@@H]2OC[C@H]([C@@H]([C@H]2O)O)O)[C@]2([C@H](C[C@@H]1O)C1=C(CC[C@@]1(CC2)C)C(C)C)C,CC(=O)OCC1=CC(OC2OCC(O)C(O)C2O)C2(C)CCC3(C)CCC(C(C)C)=C3C2CC1O
404,1,4031,Erinacine R,O=CC1=C[C@H](O[C@@H]2OC[C@H]([C@@H]([C@H]2O)O)O)[C@]2([C@H](C[C@H]1OC(=O)C)C1=C(CC[C@@]1(C(=O)C2)C)C(C)C)C,CC(=O)OC1CC2C3=C(C(C)C)CCC3(C)C(=O)CC2(C)C(OC2OCC(O)C(O)C2O)C=C1C=O
405,1,4032,Erinacol,CC1=C[C@H](O)[C@]2([C@H](CC1)C1=C(CC[C@@]1(CC2)C)C(C)C)C,CC1=CC(O)C2(C)CCC3(C)CCC(C(C)C)=C3C2CC1
406,1,5002,"10-Oxotrans-
8-decenoic
 acid",O=CC=CCCCCCCC(=O)O,O=CC=CCCCCCCC(=O)O
407,1,5003,Ferulic acid,COc1cc(/C=C/C(=O)O)ccc1O,COc1cc(C=CC(=O)O)ccc1O
408,1,5004,"Benzene,1-chloro-4-methoxy-",COc1ccc(cc1)Cl,COc1ccc(Cl)cc1
409,1,5005,Benzeneacetic acid,OC(=O)Cc1ccccc1,O=C(O)Cc1ccccc1
410,1,5006,"1,54-dibromotetrapentacontane",BrCCCCCCCCCCCCCCCCCCCCCCCCCCCCCCCCCCCCCCCCCCCCCCCCCCCCCCBr,BrCCCCCCCCCCCCCCCCCCCCCCCCCCCCCCCCCCCCCCCCCCCCCCCCCCCCCCBr
411,1,5007,Heptacosane,CCCCCCCCCCCCCCCCCCCCCCCCCCC,CCCCCCCCCCCCCCCCCCCCCCCCCCC
412,1,5008,Hexadecane,CCCCCCCCCCCCCCCC,CCCCCCCCCCCCCCCC
413,1,5009,Hexatriacontane,CCCCCCCCCCCCCCCCCCCCCCCCCCCCCCCCCCCC,CCCCCCCCCCCCCCCCCCCCCCCCCCCCCCCCCCCC
414,1,5010,Dodecane,CCCCCCCCCCCC,CCCCCCCCCCCC
415,1,5011,Docosane,CCCCCCCCCCCCCCCCCCCCCC,CCCCCCCCCCCCCCCCCCCCCC
416,1,5012,Pentadecane,CCCCCCCCCCCCCCC,CCCCCCCCCCCCCCC
417,1,5013,3-ethyltetracosane,CCCCCCCCCCCCCCCCCCCCCC(CC)CC,CCCCCCCCCCCCCCCCCCCCCC(CC)CC
418,1,5014,9-octylheptadecane,CCCCCCCCC(CCCCCCCC)CCCCCCCC,CCCCCCCCC(CCCCCCCC)CCCCCCCC
419,1,5015,Triacontane,CCCCCCCCCCCCCCCCCCCCCCCCCCCCCC,CCCCCCCCCCCCCCCCCCCCCCCCCCCCCC
420,1,5016,Tetratriacontane,CCCCCCCCCCCCCCCCCCCCCCCCCCCCCCCCCC,CCCCCCCCCCCCCCCCCCCCCCCCCCCCCCCCCC
421,1,5017,Nonadecane,CCCCCCCCCCCCCCCCCCC,CCCCCCCCCCCCCCCCCCC
422,1,5018,"7,9-di-tert-butyl-1-oxaspiro[4.5]deca-6,9-diene-2,8-dione",O=C1CCC2(O1)C=C(C(=O)C(=C2)C(C)(C)C)C(C)(C)C,CC(C)(C)C1=CC2(C=C(C(C)(C)C)C1=O)CCC(=O)O2
423,1,5019,7-hexyldocosane,CCCCCCCCCCCCCCCC(CCCCCC)CCCCCC,CCCCCCCCCCCCCCCC(CCCCCC)CCCCCC
424,1,5020,eicosane,CCCCCCCCCCCCCCCCCCCC,CCCCCCCCCCCCCCCCCCCC
425,1,5021,Heptadecane,CCCCCCCCCCCCCCCCC,CCCCCCCCCCCCCCCCC
426,1,5022,Tetracosane,CCCCCCCCCCCCCCCCCCCCCCCC,CCCCCCCCCCCCCCCCCCCCCCCC
427,1,5023,Octadecane,CCCCCCCCCCCCCCCCCC,CCCCCCCCCCCCCCCCCC
428,1,5024,Octacosane,CCCCCCCCCCCCCCCCCCCCCCCCCCCC,CCCCCCCCCCCCCCCCCCCCCCCCCCCC
429,1,5025,"2,2'-bi-1,3-dioxolane,4,4,4',4',5,5,5',5'-octamethyl-",CC1(C)OC(OC1(C)C)C1OC(C(O1)(C)C)(C)C,CC1(C)OC(C2OC(C)(C)C(C)(C)O2)OC1(C)C
430,1,5026,"ethane,1,1-dichloro-2,2-difluoro-",FC(C(Cl)Cl)F,FC(F)C(Cl)Cl
431,1,5027,"ethane,2,2-dichloro-1,1,1-trifluoro-",ClC(C(F)(F)F)Cl,FC(F)(F)C(Cl)Cl
432,1,5028,5-(acetyloxy)-2-pentanone,CC(=O)CCCOC(=O)C,CC(=O)CCCOC(C)=O
433,1,5029,"(2Z,13E)-2,13-octadecadien-1-ol",CCCC/C=C/CCCCCCCCC/C=C\CO,CCCCC=CCCCCCCCCCC=CCO
434,1,5030,"cyclohexanol,1R-4-acetamido-2,3-cis-epoxy",CC(=O)N[C@@H]1CC[C@@H]([C@H]2[C@@H]1O2)O,CC(=O)NC1CCC(O)C2OC12
435,1,5031,"1,3-benzenediol,5-pentyl",CCCCCc1cc(O)cc(c1)O,CCCCCc1cc(O)cc(O)c1
436,1,5032,"N-1,N-1-dimethyl-N-2-N-pentylformamidine",CN(/C=N/c1ccccc1)C,CN(C)C=Nc1ccccc1
437,1,5033,N-methylmaleamic acid,CNC(=O)/C=C\C(=O)O,CNC(=O)C=CC(=O)O
438,1,5034,N-(3-chlorophenyl)naphthalene-1-carboxamide,Clc1cccc(c1)NC(=O)c1cccc2c1cccc2,O=C(Nc1cccc(Cl)c1)c1cccc2ccccc12
439,1,5035,"9-octadecenamide, (Z) [cis-linoleic amide]",CCCCCCCCC=CCCCCCCCC(=O)N,CCCCCCCCC=CCCCCCCCC(N)=O
440,1,5036,pentadecanoic,CCCCCCCCCCCCCCC(=O)O,CCCCCCCCCCCCCCC(=O)O
441,1,5037,Lauric acid,CCCCCCCCCCCC(=O)O,CCCCCCCCCCCC(=O)O
442,1,5038,Myristic acid,CCCCCCCCCCCCCC(=O)O,CCCCCCCCCCCCCC(=O)O
443,1,5039,Nonanoic acid,CCCCCCCCC(=O)O,CCCCCCCCC(=O)O
444,1,5040,"9,12-octadecadienoic acid (Z,Z)-,2-hydroxy-1-(hydroxymethyl) ethyl ester",CCCCC/C=C\C/C=C\CCCCCCCC(=O)OC(CO)CO,CCCCCC=CCC=CCCCCCCCC(=O)OC(CO)CO
445,1,5041,"hexadecanoic acid, ethyl ester",CCCCCCCCCCCCCCCC(=O)OCC,CCCCCCCCCCCCCCCC(=O)OCC
446,1,5042,didecyl phthalate,CCCCCCCCCCOC(=O)c1ccccc1C(=O)OCCCCCCCCCC,CCCCCCCCCCOC(=O)c1ccccc1C(=O)OCCCCCCCCCC
447,1,5043,2-ethylhexyl methacrylate,CCCCOC(=O)c1ccccc1C(=O)OCCCCCCCC(C)C,CCCCOC(=O)c1ccccc1C(=O)OCCCCCCCC(C)C
448,1,5044,di-hexylphthalate,CCCCCCOC(=O)c1ccccc1C(=O)OCCCCCC,CCCCCCOC(=O)c1ccccc1C(=O)OCCCCCC
449,1,5045,ethyl oleate,CCCCCCCC/C=C\CCCCCCCC(=O)OCC,CCCCCCCCC=CCCCCCCCC(=O)OCC
450,1,5046,"1,2-benzenedicarboxylic acid,butyl-8-methyl nonyl ester",CCCCOC(=O)c1ccccc1C(=O)OCCCCCCCC(C)C,CCCCOC(=O)c1ccccc1C(=O)OCCCCCCCC(C)C
451,1,5047,"pentadecanoic acid,ethyl ester",CCCCCCCCCCCCCCC(=O)OCC,CCCCCCCCCCCCCCC(=O)OCC
452,1,5048,"1,2-benzenedicarboxylic acid, ditridecyl ester",CCCCCCCCCCCCCOC(=O)c1ccccc1C(=O)OCCCCCCCCCCCCC,CCCCCCCCCCCCCOC(=O)c1ccccc1C(=O)OCCCCCCCCCCCCC
453,1,5049,1-heneicosyl formate,CCCCCCCCCCCCCCCCCCCCCOC=O,CCCCCCCCCCCCCCCCCCCCCOC=O
454,1,5050,"L-proline,N-ethoxycarbonyl-,butyl ester",CCCCOC(=O)[C@@H]1CCCN1C(=O)OCC,CCCCOC(=O)C1CCCN1C(=O)OCC
455,1,5051,"sulfurous acid, hexyl octyl ester",CCCCCCCCO[S@](=O)OCCCCCC,CCCCCCCCOS(=O)OCCCCCC
456,1,5052,"sulfurous acid, butyl dodecyl ester",CCCCCCCCCCCCOS(=O)OCCCC,CCCCCCCCCCCCOS(=O)OCCCC
457,1,5053,"6-tetradecanesulfonic acid, butyl ester",CCCCCCCCC(S(=O)(=O)OCCCC)CCCCC,CCCCCCCCC(CCCCC)S(=O)(=O)OCCCC
458,1,5054,"cyclohexanecarboxylic acid,2,2-dimethyl propyl ester",CCCOC(=O)C1CCCCC1(C)C,CCCOC(=O)C1CCCCC1(C)C
459,1,5055,butyl citrate,CCCCOC(=O)C(CC(=O)OCCCC)(CC(=O)OCCCC)O,CCCCOC(=O)CC(O)(CC(=O)OCCCC)C(=O)OCCCC
460,1,5056,"(2,4,6-tribromophenyl) decanoate",CCCCCCCCCC(=O)Oc1c(Br)cc(cc1Br)Br,CCCCCCCCCC(=O)Oc1c(Br)cc(Br)cc1Br
461,1,5057,"hexadecanoic acid,2-hydroxy-1-(hydroxyl methyl) ethyl ester",CCCCCCCCCCCCCCCC(=O)OC(CO)CO,CCCCCCCCCCCCCCCC(=O)OC(CO)CO
462,1,5058,"butanoic acid, ethyl ester",CCCC(=O)OCC,CCCC(=O)OCC
463,1,5059,"1,2-benzenedicarboxylic acid,bis(2-methyl propyl) ester",CC(COC(=O)c1ccccc1C(=O)OCC(C)C)C,CC(C)COC(=O)c1ccccc1C(=O)OCC(C)C
464,1,5060,methyl-N-hydroxybenzenecarboximidoate,CO/C(=N\O)/c1ccccc1,COC(=NO)c1ccccc1
465,1,5061,"methyl-2,8-dimethylundecanoate",CCC[C@H](CCCCC[C@H](C(=O)OC)C)C,CCCC(C)CCCCCC(C)C(=O)OC
466,1,5062,"ergost-5,8(14)-dien-3-ol",O[C@H]1CC[C@]2(C(=CCC3=C4[C@@](CC[C@H]23)(C)[C@H](CC4)[C@@H](CC[C@@H](C(C)C)C)C)C1)C,CC(C)C(C)CCC(C)C1CCC2=C3CC=C4CC(O)CCC4(C)C3CCC21C
467,1,5063,"(22E)-ergosta-5,7,9(11),22-tetraen-3beta-ol",O[C@H]1CC[C@]2(C(=CC=C3C2=CC[C@]2([C@H]3CC[C@@H]2[C@@H](/C=C/[C@@H](C(C)C)C)C)C)C1)C,CC(C)C(C)C=CC(C)C1CCC2C3=CC=C4CC(O)CCC4(C)C3=CCC21C
468,1,5064,D-xenialactol,CC1=CC(O)CC(=C)C2C(CC1)/C(=C/CC1OC1(C)C)/COC2O,C=C1CC(O)C=C(C)CCC2C(=CCC3OC3(C)C)COC(O)C12
469,1,5065,2-methylpiperidine,C[C@H]1CCCCN1,CC1CCCCN1
470,1,5066,"propionaldehyde, ethylhydrazone",CCN/N=C/CC,CCC=NNCC
471,1,5067,N-[3-methylaminopropyl]aziridine,CNCCCN1CC1,CNCCCN1CC1
472,1,5068,3-pyridinecarboxylic acid,OC(=O)c1cccnc1,O=C(O)c1cccnc1
473,1,5069,"pyrrolo[1,2-a]pyrazine-1,4-dione,hexahydro-3-(2-methylpropyl)",CC(C[C@@H]1NC(=O)[C@H]2N(C1=O)CCC2)C,CC(C)CC1NC(=O)C2CCCN2C1=O
474,1,5070,2-ethoxycarbonyl-5-oxopyrrolidine,CCOC(=O)[C@@H]1CCC(=O)N1,CCOC(=O)C1CCC(=O)N1
475,1,5071,"4-amino-2,6-dihydroxypyrimidine",Nc1cc(=O)[nH]c(=O)[nH]1,Nc1cc(=O)[nH]c(=O)[nH]1
476,1,5072,"1H-pyrazole,3-ethyl-4,5-dihydro",CCC1=NNCC1,CCC1=NNCC1
477,1,5073,5-methyloxazole,Cc1cnco1,Cc1cnco1
478,1,5074,"4,6-dimethoxy-3-phenylindole",COc1cc(OC)cc2c1c(c[nH]2)c1ccccc1,COc1cc(OC)c2c(-c3ccccc3)c[nH]c2c1
479,1,5075,"1,3-propanediamine, N,N-dimethyl",CNCCCNC,CNCCCNC
480,1,5076,oxo-1-(1-pyrrolidinyl)-6-octadecanone,CCCCCCCCCCCCC(CCCCC(=O)N1CCCC1)O,CCCCCCCCCCCCC(O)CCCCC(=O)N1CCCC1
481,1,5077,"2,5-pyrrolidinedione",O=C1CCC(=O)N1,O=C1CCC(=O)N1
482,1,5078,"2-amino-1-methyl-1H-imidazole-4,5-dione",O=C1N=C(N(C1=O)C)N,CN1C(=O)C(=O)N=C1N
483,1,5079,"2(3H)-furanone, dihydro-3-hydroxy-4,4-dimethyl-",O[C@@H]1C(=O)OCC1(C)C,CC1(C)COC(=O)C1O
484,1,999999,DECOY,CCCCCCC,CCCCCCC
485,1,5081,"3,5,5-trimethyl-2-hydroxy-1-cyclohexanone-2-ene",CC1=C(O)C(=O)CC(C1)(C)C,CC1=C(O)C(=O)CC(C)(C)C1
486,1,5082,"3-butyl-thiophene-1,1-dioxide",CCCCC1=CS(=O)(=O)C=C1,CCCCC1=CS(=O)(=O)C=C1
487,1,5083,"4-oxazolidinone,3-ethyl-2-thioxo",CCN1C(=S)OCC1=O,CCN1C(=O)COC1=S
488,1,5084,"disulfide, di-tert-dodecyl",CCCCCCCCCC(SSC(CCCCCCCCC)(C)C)(C)C,CCCCCCCCCC(C)(C)SSC(C)(C)CCCCCCCCC
489,1,5085,"2,5-di-tert-butylphenol",Oc1cc(ccc1C(C)(C)C)C(C)(C)C,CC(C)(C)c1ccc(C(C)(C)C)c(O)c1
490,1,5086,"phenol,2,4-bis(1,1-dimethylethyl)",Oc1ccc(cc1C(C)(C)C)C(C)(C)C,CC(C)(C)c1ccc(O)c(C(C)(C)C)c1
491,1,5087,"3-Pentanol, 3-methyl-",CCC(CC)(O)C,CCC(C)(O)CC
492,1,5088,Phenyl ethyl alcohol,OCCc1ccccc1,OCCc1ccccc1
493,1,5089,"Heptane, 3-methyl-",CCCC[C@@H](CC)C,CCCCC(C)CC
494,1,5090,"Cyclopentanol, 1-methyl-",CC1(O)CCCC1,CC1(O)CCCC1
495,1,5091,Butyl acetate,CCCCOC(=O)C,CCCCOC(C)=O
496,1,5092,"Benzene, 1,3-dimethyl-",Cc1cccc(c1)C,Cc1cccc(C)c1
497,1,5093,Mesitylene,Cc1cc(C)cc(c1)C,Cc1cc(C)cc(C)c1
498,1,5094,3-Octanone,CCCCCC(=O)CC,CCCCCC(=O)CC
499,1,5095,"1,4-Dichlorobenzene",Clc1ccc(cc1)Cl,Clc1ccc(Cl)cc1
500,1,5096,2E-Tridecen-1-al,CCCCCCCCCC/C=C/C=O,CCCCCCCCCCC=CC=O
501,1,5097,Cedrol,C[C@@H]1CC[C@@H]2[C@@]31CC[C@@]([C@H](C3)C2(C)C)(C)O,CC1CCC2C(C)(C)C3CC12CCC3(C)O
502,1,5098,bis(2-methylpropyl) ester,CC(COC(=O)CCCCC(=O)OCC(C)C)C,CC(C)COC(=O)CCCCC(=O)OCC(C)C
503,1,5099,Methyl linoleate,CCCCC/C=C\C/C=C\CCCCCCCC(=O)OC,CCCCCC=CCC=CCCCCCCCC(=O)OC
504,1,5100,Ergothioneine,[O-]C(=O)[C@@H]([N+](C)(C)C)Cc1c[nH]c(=S)[nH]1,C[N+](C)(C)C(Cc1c[nH]c(=S)[nH]1)C(=O)[O-]
505,1,5101,Thiamine,OCCc1sc[n+](c1C)Cc1cnc(nc1N)C.[Cl-],Cc1ncc(C[n+]2csc(CCO)c2C)c(N)n1.[Cl-]
506,1,5102,Riboflavin,OC[C@H]([C@H]([C@H](Cn1c2cc(C)c(cc2nc2c1nc(=O)[nH]c2=O)C)O)O)O,Cc1cc2nc3c(=O)[nH]c(=O)nc-3n(CC(O)C(O)C(O)CO)c2cc1C
507,1,5103,folic acid,OC(=O)CC[C@@H](C(=O)O)NC(=O)c1ccc(cc1)NCc1cnc2c(n1)c(=O)[nH]c(n2)N,Nc1nc2ncc(CNc3ccc(C(=O)NC(CCC(=O)O)C(=O)O)cc3)nc2c(=O)[nH]1
508,1,5104,Vitamin B12,OC[C@H]1O[C@@H]([C@@H]([C@@H]1OP(=O)(O[C@@H](CNC(=O)CC[C@@]1(C)C2=N[C@H]([C@@H]1CC(=O)N)[C@]1(C)[N-]/C(=C(/C)\C3=N/C(=C\C4=N/C(=C\2/C)/[C@@H](CCC(=O)N)C4(C)C)/[C@H]([C@]3(C)CC(=O)N)CCC(=O)N)/[C@H]([C@]1(C)CC(=O)N)CCC(=O)N)C)[O-])O)n1cnc2c1cc(C)c(c2)C.[C-]#N.[Co+3],CC1=C2N=C(C=C3N=C(C(C)=C4[N-]C(C)(C5N=C1C(C)(CCC(=O)NCC(C)OP(=O)([O-])OC1C(CO)OC(n6cnc7cc(C)c(C)cc76)C1O)C5CC(N)=O)C(C)(CC(N)=O)C4CCC(N)=O)C(C)(CC(N)=O)C3CCC(N)=O)C(C)(C)C2CCC(N)=O.[C-]#N.[Co+3]
509,1,5105,Vitamin D,CC(CCC[C@H]([C@H]1CC[C@@H]2[C@]1(C)CCC/C/2=C\C=C/1\C[C@@H](O)CCC1=C)C)C,C=C1CCC(O)CC1=CC=C1CCCC2(C)C1CCC2C(C)CCCC(C)C
510,1,5106,Myristoleic acid,CCCC/C=C\CCCCCCCC(=O)O,CCCCC=CCCCCCCCC(=O)O
511,1,5107,cis-10-Pentadecenoic acid,CCCC/C=C\CCCCCCCCC(=O)O,CCCCC=CCCCCCCCCC(=O)O
512,1,5108,Palmitoleic acid,CCCCCC/C=C\CCCCCCCC(=O)O,CCCCCCC=CCCCCCCCC(=O)O
513,1,5109,Heptadecanoic acid,CCCCCCCCCCCCCCCCC(=O)O,CCCCCCCCCCCCCCCCC(=O)O
514,1,5110,Arachidic acid,CCCCCCCCCCCCCCCCCCCC(=O)O,CCCCCCCCCCCCCCCCCCCC(=O)O
515,1,5111,"cis-5,8,11,14,17-Eicosapentaenoic acid",CC/C=C\C/C=C\C/C=C\C/C=C\C/C=C\CCCC(=O)O,CCC=CCC=CCC=CCC=CCC=CCCCC(=O)O
516,1,5112,"cis-11,14-Eicosadienoic acid",CCCCC/C=C\C/C=C\CCCCCCCCCC(=O)O,CCCCCC=CCC=CCCCCCCCCCC(=O)O
517,1,5113,"cis-11,14,17-Eicosatrienoic
acid",CC/C=C\C/C=C\C/C=C\CCCCCCCCCC(=O)O,CCC=CCC=CCC=CCCCCCCCCCC(=O)O
518,1,5114,Heneicosanoic acid,CCCCCCCCCCCCCCCCCCCCC(=O)O,CCCCCCCCCCCCCCCCCCCCC(=O)O
519,1,5115,Behenic acid,CCCCCCCCCCCCCCCCCCCCCC(=O)O,CCCCCCCCCCCCCCCCCCCCCC(=O)O
520,1,5116,Erucic acid,CCCCCCCC/C=C\CCCCCCCCCCCC(=O)O,CCCCCCCCC=CCCCCCCCCCCCC(=O)O
521,1,5117,Tricosanoic acid,CCCCCCCCCCCCCCCCCCCCCCC(=O)O,CCCCCCCCCCCCCCCCCCCCCCC(=O)O
522,1,5118,Lignoceric acid,CCCCCCCCCCCCCCCCCCCCCCCC(=O)O,CCCCCCCCCCCCCCCCCCCCCCCC(=O)O
523,1,5119,Cinnamic acid,OC(=O)/C=C/c1ccccc1,O=C(O)C=Cc1ccccc1
524,1,6001,Caprylic acid ,CCCCCCCC(=O)O,CCCCCCCC(=O)O
525,1,9001,Syringic acid,COc1cc(cc(c1O)OC)C(=O)O,COc1cc(C(=O)O)cc(OC)c1O
526,1,9002,Quercetin-3-O-rutinoside,Oc1cc(O)c2c(c1)oc(c(c2=O)O[C@@H]1O[C@H](CO[C@@H]2O[C@@H](C)[C@@H]([C@H]([C@H]2O)O)O)[C@H]([C@@H]([C@H]1O)O)O)c1ccc(c(c1)O)O,CC1OC(OCC2OC(Oc3c(-c4ccc(O)c(O)c4)oc4cc(O)cc(O)c4c3=O)C(O)C(O)C2O)C(O)C(O)C1O
527,1,9003,Vanillic acid,COc1cc(ccc1O)C(=O)O,COc1cc(C(=O)O)ccc1O
528,1,9004,Quercetin,Oc1cc(O)c2c(c1)oc(c(c2=O)O)c1ccc(c(c1)O)O,O=c1c(O)c(-c2ccc(O)c(O)c2)oc2cc(O)cc(O)c12
529,1,9005,(+)-Catechin,Oc1cc2O[C@H](c3ccc(c(c3)O)O)[C@H](Cc2c(c1)O)O,Oc1cc(O)c2c(c1)OC(c1ccc(O)c(O)c1)C(O)C2
530,1,9006,(-)-Epicatechin,Oc1cc2O[C@H](c3ccc(c(c3)O)O)[C@@H](Cc2c(c1)O)O,Oc1cc(O)c2c(c1)OC(c1ccc(O)c(O)c1)C(O)C2
531,1,9007,Naringenin,Oc1ccc(cc1)[C@@H]1CC(=O)c2c(O1)cc(cc2O)O,O=C1CC(c2ccc(O)cc2)Oc2cc(O)cc(O)c21
532,1,13001,Tannins,O=C(c1cc(O)c(c(c1)OC(=O)c1cc([O-])c(c(c1)O)[O-])O)O[C@@H]1[C@@H](COC(=O)c2cc(O)c(c(c2)OC(=O)c2cc(O)c(c(c2)O)O)O)O[C@H]([C@@H]([C@H]1OC(=O)c1cc(O)c(c(c1)OC(=O)c1cc(O)c(c(c1)O)O)O)OC(=O)c1cc(O)c(c(c1)OC(=O)c1cc(O)c(c(c1)O)O)O)OC(=O)c1cc(O)c(c(c1)OC(=O)c1cc(O)c(c(c1)O)O)O.[Zn+2],O=C(OCC1OC(OC(=O)c2cc(O)c(O)c(OC(=O)c3cc(O)c(O)c(O)c3)c2)C(OC(=O)c2cc(O)c(O)c(OC(=O)c3cc(O)c(O)c(O)c3)c2)C(OC(=O)c2cc(O)c(O)c(OC(=O)c3cc(O)c(O)c(O)c3)c2)C1OC(=O)c1cc(O)c(O)c(OC(=O)c2cc([O-])c([O-])c(O)c2)c1)c1cc(O)c(O)c(OC(=O)c2cc(O)c(O)c(O)c2)c1.[Zn+2]
533,1,13002,Ellagic acid,Oc1cc2c(=O)oc3c4c2c(c1O)oc(=O)c4cc(c3O)O,O=c1oc2c(O)c(O)cc3c(=O)oc4c(O)c(O)cc1c4c23
534,1,13003,Lentinamycin,OCC=C=CC#CC#C,C#CC#CC=C=CCO
535,1,13004,Lentin,NC(=O)OCC[N+](C)(C)C,C[N+](C)(C)CCOC(N)=O
536,1,13005,Lenthionine,S1CSSCSS1,C1SSCSSS1
537,1,13006,Lentinan,OC[C@H]1O[C@@H](O[C@@H]2[C@@H](O)[C@H](O)O[C@@H]([C@H]2O)CO[C@@H]2O[C@H](CO)[C@H]([C@@H]([C@H]2O)O)O)[C@@H]([C@H]([C@@H]1O)O[C@@H]1O[C@H](CO)[C@H]([C@@H]([C@H]1O)O[C@@H]1O[C@H](CO[C@@H]2O[C@H](CO)[C@H]([C@@H]([C@H]2O)O)O)[C@H]([C@@H]([C@H]1O)O[C@@H]1O[C@H](CO)[C@H]([C@@H]([C@H]1O)O)O)O)O)O,OCC1OC(OCC2OC(O)C(O)C(OC3OC(CO)C(O)C(OC4OC(CO)C(O)C(OC5OC(COC6OC(CO)C(O)C(O)C6O)C(O)C(OC6OC(CO)C(O)C(O)C6O)C5O)C4O)C3O)C2O)C(O)C(O)C1O
538,1,16001,Elaidic acid,CCCCCCCC/C=C/CCCCCCCC(=O)O,CCCCCCCCC=CCCCCCCCC(=O)O
539,1,16002,Nervonic acid,CCCCCCCC/C=C\CCCCCCCCCCCCCC(=O)O,CCCCCCCCC=CCCCCCCCCCCCCCC(=O)O
540,1,16003,Cervonic acid,CC/C=C\C/C=C\C/C=C\C/C=C\C/C=C\C/C=C\CCC(=O)O,CCC=CCC=CCC=CCC=CCC=CCC=CCCC(=O)O
541,1,20001,Salicylic acid,OC(=O)c1ccccc1O,O=C(O)c1ccccc1O
542,1,20002,Catechnin,Oc1cc2O[C@H](c3ccc(c(c3)O)O)[C@@H](Cc2c(c1)O)O,Oc1cc(O)c2c(c1)OC(c1ccc(O)c(O)c1)C(O)C2
543,1,20003,Vitexin,OC[C@H]1O[C@H]([C@@H]([C@H]([C@@H]1O)O)O)c1c(O)cc(c2c1oc(cc2=O)c1ccc(cc1)O)O,O=c1cc(-c2ccc(O)cc2)oc2c(C3OC(CO)C(O)C(O)C3O)c(O)cc(O)c12
544,1,23001,Chlorophill ,COC(=O)[C@@H]1/C/2=C\3/N=C([C@H]([C@@H]3CCC(=O)OC/C=C(/CCC[C@@H](CCC[C@@H](CCCC(C)C)C)C)\C)C)/C=c/3\[n-]/c(=C\C4=N/C(=C\c5[n-]c2c(C1=O)c5C)/C(=C4C)CC)/c(c3C)C=C.[Mg+2],C=Cc1c(C)c2cc3nc(c4c5[n-]c(cc6nc(cc1[n-]2)C(C)=C6CC)c(C)c5C(=O)C4C(=O)OC)C(CCC(=O)OCC=C(C)CCCC(C)CCCC(C)CCCC(C)C)C3C.[Mg+2]
545,1,25001,Eicosenoic acid,CCCCCCCCCCCCCCCCC/C=C/C(=O)O,CCCCCCCCCCCCCCCCCC=CC(=O)O
546,1,26001,Vaccenic acid,CCCCCC/C=C/CCCCCCCCCC(=O)O,CCCCCCC=CCCCCCCCCCC(=O)O
547,1,26002,cis-10-Heptadecenoic acid,CCCCCC/C=C\CCCCCCCCC(=O)O,CCCCCCC=CCCCCCCCCC(=O)O
548,1,26003,Tetradecadienoic acid,CCCCCCCCCC=CC=CC(=O)O,CCCCCCCCCC=CC=CC(=O)O
549,1,26004,gamma-Linolenic acid,CCCCC/C=C\C/C=C\C/C=C\CCCCC(=O)O,CCCCCC=CCC=CCC=CCCCCC(=O)O
550,1,26005,Docosapentaenoic,CC/C=C/C/C=C/C/C=C/C/C=C/C/C=C/CCCCCC(=O)O,CCC=CCC=CCC=CCC=CCC=CCCCCCC(=O)O
551,1,27001,Flavidulol A,COc1ccc(c2c1CC=C(C)CCC=C(C2)C)O,COc1ccc(O)c2c1CC=C(C)CCC=C(C)C2
552,1,27002,Flavidulol B,COc1ccc(c2c1C[C@@H](C(=C)C)[C@@](C2)(C)C=C)O,C=CC1(C)Cc2c(O)ccc(OC)c2CC1C(=C)C
553,1,27003,Flavidulol C,COc1cc(c2cc(OC)c3c(c2O)CC(=CCCC(=CC3)C)C)c(c2c1CC=C(C)CCC=C(C2)C)O,COc1cc(-c2cc(OC)c3c(c2O)CC(C)=CCCC(C)=CC3)c(O)c2c1CC=C(C)CCC=C(C)C2
554,1,27004,Flavidulol D,CCCCCCCCCCCCCCCCCC(=O)Oc1ccc(c2c1CC(=CCCC(=CC2)C)C)OC,CCCCCCCCCCCCCCCCCC(=O)Oc1ccc(OC)c2c1CC(C)=CCCC(C)=CC2
555,1,28001,Lactapiperanol A,CO[C@H]1OC[C@]2([C@]31C[C@]3(C)[C@H]1CC(C[C@H]1[C@@H]2O)(C)C)O,COC1OCC2(O)C(O)C3CC(C)(C)CC3C3(C)CC132
556,1,28002,Lactapiperanol B,CO[C@H]1OC[C@]2([C@]31C[C@]3(C)[C@@H]1[C@H]([C@@H]2OC(=O)C)CC(C1)(C)C)O,COC1OCC2(O)C(OC(C)=O)C3CC(C)(C)CC3C3(C)CC132
557,1,28003,Lactapiperanol C,COC1OCC2(C31CC3(C)C1CC(CC1C2O)(C)C)O,COC1OCC2(O)C(O)C3CC(C)(C)CC3C3(C)CC132
558,1,28004,Lactapiperanol D,CO[C@@H]1OC[C@]2([C@]31C[C@]3(C)[C@@H]1[C@H]([C@@H]2OC(=O)C)CC(C1)(C)C)O,COC1OCC2(O)C(OC(C)=O)C3CC(C)(C)CC3C3(C)CC132
559,1,28005,Lactarorufin A,O[C@@H]1C2=C(C[C@]([C@@H]3[C@H]1CC(C3)(C)C)(C)O)C(=O)OC2,CC1(C)CC2C(O)C3=C(CC(C)(O)C2C1)C(=O)OC3
560,1,28006,Furosardonin A,C[C@@H]1Cc2cocc2[C@H]([C@H]2C1=CC(C2)(C)C)O,CC1Cc2cocc2C(O)C2CC(C)(C)C=C12
561,1,30002,Cibaric acid,OCC/C=C/C(=C/C(=O)C/C=C\CCCCCCCC(=O)O)/O,O=C(O)CCCCCCCC=CCC(=O)C=C(O)C=CCCO
562,1,30003,"14,15-Dehydrocrepenynic acid",CCC/C=C/C#CC/C=C/CCCCCCCC(=O)O,CCCC=CC#CCC=CCCCCCCCC(=O)O
563,1,33001,Dictyoquinazol A,COc1ccc(c(c1)CO)n1cnc2c(c1=O)cc(cc2)OC,COc1ccc(-n2cnc3ccc(OC)cc3c2=O)c(CO)c1
564,1,33002,Dictyoquinazol B,COc1ccc(c(c1)CO)N1CN(C=O)c2c(C1)cc(cc2)OC,COc1ccc2c(c1)CN(c1ccc(OC)cc1CO)CN2C=O
565,1,33003,Dictyoquinazol C,COc1ccc(c(c1)CO)N1CN(C=O)c2c(C1=O)cc(cc2)OC,COc1ccc(N2CN(C=O)c3ccc(OC)cc3C2=O)c(CO)c1
566,1,33004,5-Hydroxymethylfurfural,OCc1ccc(o1)C=O,O=Cc1ccc(CO)o1
567,1,33005,Albaflavenone,O=C1C[C@@H]([C@@]23C1=C(C)C(C)(C)[C@H](C3)CC2)C,CC1=C2C(=O)CC(C)C23CCC(C3)C1(C)C
568,1,34001,"6-methylheptane-1,2,3,4,5-pentaol ",OC[C@H]([C@H]([C@@H]([C@@H](C(C)C)O)O)O)O,CC(C)C(O)C(O)C(O)C(O)CO
569,1,34002,"(3β,5α,6β,22E,24R)-Ergost-22-ene-3,5,6-triol",O[C@H]1CC[C@]2([C@@](C1)(O)[C@H](O)C[C@@H]1[C@@H]2CC[C@]2([C@H]1CC[C@@H]2[C@@H](/C=C/[C@@H](C(C)C)C)C)C)C,CC(C)C(C)C=CC(C)C1CCC2C3CC(O)C4(O)CC(O)CCC4(C)C3CCC12C
570,1,34003,"Ergosta-4,6,8(14),22-tetraen-3-one",CC([C@H](/C=C/[C@H]([C@H]1CCC2=C3[C@H](CC[C@]12C)[C@@]1(C)CCC(=O)C=C1C=C3)C)C)C,CC(C)C(C)C=CC(C)C1CCC2=C3C=CC4=CC(=O)CCC4(C)C3CCC21C
571,1,34004,6-Dehydrocerevisterol,O[C@@H]1CC[C@]2([C@](C1)(O)C(=O)C=C1[C@@H]2CC[C@]2([C@H]1CC[C@@H]2[C@@H](/C=C/[C@@H](C(C)C)C)C)C)C,CC(C)C(C)C=CC(C)C1CCC2C3=CC(=O)C4(O)CC(O)CCC4(C)C3CCC21C
572,1,34005,Ergosterol peroxide,O[C@H]1CC[C@]2([C@@]3(C1)OO[C@@]1([C@@H]2CC[C@]2([C@H]1CC[C@@H]2[C@@H](/C=C/[C@@H](C(C)C)C)C)C)C=C3)C,CC(C)C(C)C=CC(C)C1CCC2C1(C)CCC1C23C=CC2(CC(O)CCC12C)OO3
573,1,34006,Cerevisterol,O[C@H]1CC[C@]2([C@@](C1)(O)[C@H](O)C=C1[C@@H]2CC[C@]2([C@H]1CC[C@@H]2[C@@H](/C=C/[C@@H](C(C)C)C)C)C)C,CC(C)C(C)C=CC(C)C1CCC2C3=CC(O)C4(O)CC(O)CCC4(C)C3CCC21C
574,1,34007,"9,11-Dehydroergosterol peroxide",O[C@H]1CC[C@]2([C@@]3(C1)OO[C@@]1(C2=CC[C@]2([C@H]1CC[C@@H]2[C@@H](/C=C/[C@@H](C(C)C)C)C)C)C=C3)C,CC(C)C(C)C=CC(C)C1CCC2C34C=CC5(CC(O)CCC5(C)C3=CCC12C)OO4
575,1,36001,Quinic acid,OC1[C@H](O)CC(C[C@H]1O)(O)C(=O)O,O=C(O)C1(O)CC(O)C(O)C(O)C1
576,1,36002,delta-Tocopherol,C[C@@H](CCC[C@]1(C)CCc2c(O1)c(C)cc(c2)O)CCC[C@@H](CCCC(C)C)C,Cc1cc(O)cc2c1OC(C)(CCCC(C)CCCC(C)CCCC(C)C)CC2
577,1,37001,Stearoyldelicone,CCCCCCCCCCCCCCCCCC(=O)OC[C@]1(C)CC2=C(C1)[C@@]1(C)CCC1=C(C2=O)C,CCCCCCCCCCCCCCCCCC(=O)OCC1(C)CC2=C(C1)C1(C)CCC1=C(C)C2=O
578,1,37002,Stearoylplorantinone B,CCCCCCCCCCCCCCCCCC(=O)OC[C@]1(C)C[C@@H]2[C@@](C1)(O)[C@@]1(C)CCC1=C(C2=O)C,CCCCCCCCCCCCCCCCCC(=O)OCC1(C)CC2C(=O)C(C)=C3CCC3(C)C2(O)C1
579,1,37003,Plorantinone A,OC[C@]1(C)C[C@@H]2[C@H](C1)[C@@]1(C)CCC1=C(C2=O)C,CC1=C2CCC2(C)C2CC(C)(CO)CC2C1=O
580,1,37004,Plorantinone B,OC[C@]1(C)C[C@@H]2[C@@](C1)(O)[C@@]1(C)CCC1=C(C2=O)C,CC1=C2CCC2(C)C2(O)CC(C)(CO)CC2C1=O
581,1,37005,Plorantinone C,OC[C@]1(C)C[C@@H]2[C@@](C1)(O)[C@@]1(C)C[C@@H](C1=C(C2=O)C)O,CC1=C2C(O)CC2(C)C2(O)CC(C)(CO)CC2C1=O
582,1,37006,Plorantinone D,OC[C@]1(C)C[C@@H]2[C@H](C1)[C@@]1(C)C[C@@H](C1=C(C2=O)C)O,CC1=C2C(O)CC2(C)C2CC(C)(CO)CC2C1=O
583,1,37007,Deliquinone,OCCC1=C(C)C(=O)C2=C(C1=O)C[C@](C2)(C)CO,CC1=C(CCO)C(=O)C2=C(CC(C)(CO)C2)C1=O
584,1,37008,"2,9-epoxydeliquinone",OCCC1=C(C)C(=O)[C@@]23[C@](C1=O)(C[C@@](C3)(C)CO)O2,CC1=C(CCO)C(=O)C23CC(C)(CO)CC2(O3)C1=O
585,1,37009,Russulanorol,O[C@@H]1O[C@H]2[C@@H]3[C@@]1(O)O[C@@](C3)([C@@H]1[C@H]2CC(C1)(C)C)C,CC1(C)CC2C3OC(O)C4(O)OC(C)(CC34)C2C1
586,1,37010,Blennin C,OCC1=C(C[C@H](C2=CCC(C2)(C)C)C)C(=O)OC1,CC(CC1=C(CO)COC1=O)C1=CCC(C)(C)C1
587,1,37011,Lactarolide A,O[C@H]1OC(=O)C2=C1[C@H](O)[C@@H]1CC(C[C@H]1[C@@](C2)(C)O)(C)C,CC1(C)CC2C(O)C3=C(CC(C)(O)C2C1)C(=O)OC3O
588,1,37012,Furandiol,O[C@H]1[C@@H]2CC(C[C@@H]2[C@@](Cc2c1coc2)(C)O)(C)C,CC1(C)CC2C(O)c3cocc3CC(C)(O)C2C1
589,1,49001,Craterellin A,OCC1=C[C@@H](O)[C@]2([C@@H]([C@@H]1O)O2)C[C@H]1C(=CC[C@@H]2[C@]1(C)CCCC2(C)C)C,CC1=CCC2C(C)(C)CCCC2(C)C1CC12OC1C(O)C(CO)=CC2O
590,1,49002,Craterellin B,OCC1=C[C@@H](O)[C@]2([C@@H]([C@@H]1O)O2)C[C@H]1C(=CC[C@@H]2[C@]1(C)CC[C@@H](C2(C)C)O)C,CC1=CCC2C(C)(C)C(O)CCC2(C)C1CC12OC1C(O)C(CO)=CC2O
591,1,49003,Craterellin C,C=C1[C@H](O)[C@@H](O)[C@]2([C@@H]([C@@H]1O)O2)C[C@H]1C(=CC[C@@H]2[C@]1(C)CCCC2(C)C)C,C=C1C(O)C(O)C2(CC3C(C)=CCC4C(C)(C)CCCC34C)OC2C1O
592,1,999999,DECOY,CCCCCCC,CCCCCCC
593,1,999999,DECOY,CCCCCCC,CCCCCCC
594,1,999999,DECOY,CCCCCCC,CCCCCCC
595,1,999999,DECOY,CCCCCCC,CCCCCCC
596,1,999999,DECOY,CCCCCCC,CCCCCCC
597,1,999999,DECOY,CCCCCCC,CCCCCCC
598,1,999999,DECOY,CCCCCCC,CCCCCCC
599,1,999999,DECOY,CCCCCCC,CCCCCCC
600,1,999999,DECOY,CCCCCCC,CCCCCCC
